station_identity,station_deletion,station_name,station_latitude,station_longitude,zone,postcode,direction
3bd8363a-0105-4c08-9cff-28e42443edbb,False,Abbey Road,51.53195199547294,0.0037233710983363,3,E15 3NB,East
f6338a9e-aea0-4e03-b144-d7f450944a7a,False,Abbey Wood,51.49078429543708,0.1202719706406512,4,SE2 9RH,South
b0a41353-fd1b-4caf-9491-40a19f7e38cb,False,Acton Central,51.508757351253415,-0.2634301953256889,2,W3 6BH,West
e4801c01-89a1-4f0f-986d-2fee0a490dce,False,Acton Main Line,51.516886495162936,-0.2676899480142479,3,W3 9EH,West
fd9808bc-a2ce-4e09-8a3a-55b321863d81,False,Acton Town,51.50307098636339,-0.280302696832724,3,W3 8HN,West
1c9814b6-8730-4d44-9667-ec9e09f427f5,False,Addington Village,51.35623853949495,-0.032665100332062,"3,4,5,6",CR0 5AR,South East
de4d1f92-25c6-4849-b946-680916ca59d4,False,Addiscombe,51.37980817216768,-0.0732132825198676,"3,4,5,6",CR0 7AA,South East
50250aac-e7b8-4db5-b538-2acb69105ebd,False,Albany Park,51.435815816166325,0.1264446387204615,5,DA5 3HP,South East
f1fd90e4-502a-4f27-b00f-09eaa4d9db30,False,Aldgate,51.5143422574978,-0.0756269123224862,1,EC3N 1AH,Central
c12dd601-4162-4a6f-aeac-bf06652af750,False,Aldgate East,51.51508150569872,-0.0730014624207395,1,E1 7PT,East
1680aeb1-631c-4872-8d6c-cbc21e5a24de,False,Alexandra Palace,51.59826262860595,-0.1201489713608118,3,N22 7ST,North
6fffa01f-fb7d-40ea-a77b-81375a9f0b1a,False,All Saints,51.51047690641237,-0.0126248853603499,2,E14 0EH,East
bfac3d61-e29c-4665-ae24-4beb2a3c495a,False,Alperton,51.54120878643842,-0.2995157534755783,4,HA0 4LL,North West
12e8a917-25fc-4a6b-ba23-7f15231f11a0,False,Amersham,51.67412832834268,-0.6065137678777907,9,HP6 5AZ,North West
821343c5-c871-4ebe-992c-4c6a215328cb,False,Ampere Way,51.38229921988808,-0.1236367984619069,"3,4,5,6",CR0 3JX,South East
e7334ca4-01da-4936-b788-535a39f9b95b,False,Anerley,51.41251661375114,-0.065137099879019,4,SE20 8PY,South
d2878413-cc97-4454-984d-bb72e04c8bcc,False,Angel,51.53296784539842,-0.1055814483037889,1,N1 8XB,North
3d3b9ddf-0601-4195-bca8-31d7ac84cd2f,False,Angel Road,51.61242024247581,-0.048732919239143,4,N18 3AY,North
bfbdaa07-1bb4-462e-9e95-e5bf7df2dfde,False,Archway,51.56549031545965,-0.1351215756214728,"2,3",N19 5RQ,North
d16f1812-875c-4844-a58a-2a16e1a4f7eb,False,Arena,51.391522658988485,-0.0583185498869123,"3,4,5,6",SE25 4RY,South
760225a2-5aad-4762-a3c9-9f9b8a641a0d,False,Arnos Grove,51.61622992455143,-0.1342702177218493,4,N11 1AN,North
2ba058c6-bdcf-4144-bb4a-315a93adfd29,False,Arsenal,51.55854120559965,-0.1054999329611858,2,N5 1LP,North
7204191c-6a69-4c2a-a40a-e018b654b2d4,False,Avenue Road,51.406797904315376,-0.0494469369736633,"3,4,5,6",BR3 4NJ,South East
dc84189d-c4ab-451b-b749-de9c5f9643e1,False,Baker Street,51.52312936605881,-0.1569041929861845,1,NW1 5LA,North
bf2d221c-83e7-4bf7-b4a9-7be48f32dd5b,False,Balham,51.443182314397006,-0.1526851619932613,3,SW12 9SG,South
7a683234-b0e5-49f4-b894-55b5ddaa9eef,False,Bank,51.51334691914183,-0.0890001234943746,1,EC3V 3LA,Central
af2e7dca-7e5d-483f-a365-33553f473004,False,Banstead,51.32929277590573,-0.2131323335412245,6,SM7 1RB,South
d97b5ad4-eff1-439d-aad7-b121519aa3db,False,Barbican,51.52021512610784,-0.0977215780905022,1,EC1A 4JA,Central
030632a5-8302-4f22-b0fc-8dbcba5c1303,False,Barking,51.53952124839739,0.0808316104030654,4,IG11 8TU,North East
22485e21-1ebf-41de-b4c8-f1e8bfff657d,False,Barking Riverside,51.5191121613515,0.1147694827017245,4,IG11 0BF,North East
90986272-4fbf-49ad-bcd1-ffed5853da89,False,Barkingside,51.58585076146283,0.0884766401059262,4,IG6 1NB,North East
40697b38-9ef6-4522-90a0-2a43cdf2c264,False,Barnehurst,51.46478055332626,0.1609480239468846,6,DA7 6HQ,South East
d7349759-5986-4873-9d93-75b2db3cdc39,False,Barnes,51.46712737869088,-0.2420330586249543,3,SW13 0LW,South
3a3083d3-ef2c-4ac7-a6d2-4cf4349b32fc,False,Barnes Bridge,51.4722276417547,-0.2523626133311692,3,SW13 0NR,South
177e6ed5-26bd-48e0-bc5b-a4ca06d99a7a,False,Barons Court,51.490228334902,-0.2134301424178916,2,W14 9DP,West
37678f28-587e-425b-85bc-ce59849d3e0a,False,Battersea Park,51.47731808303144,-0.1481237603927114,2,SW8 4NB,South
5b1b4bb9-bd45-4c27-ab6e-71ee7d71d35d,False,Battersea Power Station,51.479496343757326,-0.1420013513646783,1,SW11 8AL,South
51f2f198-87f2-4952-a845-e689c365f628,False,Bayswater,51.51211098317958,-0.1879015718782054,1,W2 4QH,West
4a404d80-26f7-4cfc-a255-e862539b924d,False,Beckenham Hill,51.42462603356409,-0.0164957619689126,4,SE6 3NU,South
0ec12975-f6cc-4cd5-9d54-dd777b3f9e5c,False,Beckenham Junction,51.410941601884666,-0.0257017391145474,4,BR3 1HY,South East
22784fe0-e5d0-45bd-93a0-5235003a2654,False,Beckenham Road,51.40952967986142,-0.043391921968959,"3,4,5,6",BR3 4RR,South East
e6a0f682-8192-4813-868e-f3185a7f3fa0,False,Beckton,51.51437673300682,0.0615252971597842,3,E6 5NT,East
ac69eb94-0363-4c27-9f20-6183a0b66c3f,False,Beckton Park,51.50890088618667,0.0548219390453978,3,E6 5NE,East
1d6f0f4b-981d-46d6-bb26-1e6cbc9473c0,False,Becontree,51.53958561974398,0.1268802926935937,5,RM9 4TP,North East
c45e19ee-e0bd-4ac8-8900-71d5e5473866,False,Beddington Lane,51.389239651469765,-0.1421384331905475,"3,4,5,6",CR0 4TF,South East
fdf0b631-7b07-466e-bc46-a79862e8b3d2,False,Belgrave Walk,51.40096135634269,-0.1784964722050899,"3,4,5,6",CR4 4NY,South East
d634a565-f3f7-46ac-ab8d-baa9bd7dc726,False,Bellingham,51.43386486264608,-0.0204117702937991,3,SE6 3BT,South
a776ad43-e718-43f0-b706-8b42522f4a26,False,Belmont,51.34411959994204,-0.1994892508729616,5,SM2 6BH,South
16dc8b1d-6923-4eec-8801-b8e5f888514f,False,Belsize Park,51.55019061178192,-0.1639744910255186,2,NW3 2AL,North
210229ad-f258-4fc9-ad5d-9cc4c2ff3534,False,Belvedere,51.49195925487853,0.1520337932923139,5,DA17 6JW,South East
2a815311-c162-4c4a-94bf-e5a3e1638564,False,Bermondsey,51.49796067750633,-0.0643300898115236,2,SE16 4RX,South
03300a9f-e7e3-4727-92d5-b1263d26ed19,False,Berrylands,51.39876794902152,-0.2803214728845223,5,KT5 8LT,South West
ff9f143a-4b17-424b-a8fc-1730006f68ef,False,Bethnal Green,51.52719165312213,-0.055392111450162,2,E2 0ET,East
75d3e34e-3654-4a83-b2a6-bb658144d808,False,Bethnal Green Rail,51.524282643710485,-0.0600137423991465,2,E2 6JL,East
2dbcc263-17f9-48aa-a01f-51465127a4ec,False,Bexley,51.44081477613684,0.1482039142729925,6,DA5 1AQ,South East
b454afbf-a295-4899-8a16-5b741c33d241,False,Bexleyheath,51.46355017881958,0.1333629660724762,5,DA7 4AA,South East
d80c250f-0442-441f-988e-e5aa6268b299,False,Bickley,51.40037964448855,0.0443040316998264,5,BR1 2EB,South East
b5e206d6-6789-42a8-816f-e8fd95a0c8d8,False,Birkbeck,51.40386300465971,-0.0562862355401811,4,BR3 4TA,South East
afa09622-cf9e-46f3-8137-da52aa748819,False,Blackfriars,51.51158676169501,-0.1029953846245054,1,EC4V 4DD,Central
1c67f9fb-4ab9-412e-94ec-79eb1c43d189,False,Blackheath,51.46540802722941,0.0083365947125195,3,SE3 9LE,South
6c944689-fb52-4d48-9aa7-4edc84b35300,False,Blackhorse Lane,51.38474607036756,-0.0705339476144646,"3,4,5,6",CR0 6NL,South East
b2452466-5e6c-481f-abf5-bd2527db9c42,False,Blackhorse Road,51.58577656484627,-0.0396257114650528,3,E17 6JJ,East
7aca5d33-e34b-4616-9047-f23a97feb291,False,Blackwall,51.50783153133504,-0.0072351658776662,2,E14 9QB,East
b4cab5b5-ba6c-4e95-8268-2a3333c8d890,False,Bond Street,51.513797282327445,-0.1496136085316461,1,W1C 2HU,West
57e01997-ee1b-4f2b-91fa-d0797ed221d2,False,Borough,51.50104871772216,-0.0941973226385839,1,SE1 1JX,South
96b273da-b7cd-489d-aca1-493eef603881,False,Boston Manor,51.49576500584812,-0.3247471826223813,4,TW8 9LQ,South West
cf76aa5f-76dc-4d7f-8e8c-2004bfc851d6,False,Bounds Green,51.60703172061751,-0.1241770647347964,"3,4",N11 2EU,North
749c295d-c53a-4726-b9d6-c929a15b4d9a,False,Bow Church,51.52761517272713,-0.0204998991771463,2,E3 3AA,East
8de24259-8e46-488a-a92e-880416cf8cd4,False,Bow Road,51.52704176950966,-0.0243595906326814,2,E3 4DH,East
589f4b88-e161-4e9f-820f-43b69593267c,False,Bowes Park,51.60724932125086,-0.1197922183441603,"3,4",N22 8NL,North
706f9361-3adb-41e7-9dab-aa1f1e5076a4,False,Brent Cross,51.57659886839313,-0.2133358378663098,3,NW11 9UA,North
39ead995-2e04-421c-a69c-963a4e54ad84,False,Brentford,51.487535802426834,-0.309622531111568,4,TW8 9LF,South West
196530ca-3bf7-4aa6-8704-1ba0c094a329,False,Brentwood,51.613610829903095,0.2996728214582176,7,CM14 4EW,North East
1874e07f-a7b0-4f47-9515-d15eafd0cd46,False,Brimsdown,51.65524456622429,-0.0310922768910031,5,EN3 7NA,East
f23c49ec-fe29-4b7e-8270-86318febdfc4,False,Brixton,51.46273661697816,-0.1145520968292283,2,SW9 8HE,South
fcaf650b-c168-47e1-afb0-6c1fe368c077,False,Brockley,51.46474960336704,-0.0377482504677787,2,SE4 2RW,South
b82b5e79-de26-4c8f-bdfb-8bfdb19020c2,False,Bromley North,51.40894234206782,0.0172354519587101,4,BR1 3NN,South East
541b8ab1-327f-4111-b2f1-c074deeeb20f,False,Bromley South,51.40000131982635,0.0173595804973148,5,BR1 1LX,South East
e8653730-2d95-4247-a9d3-6fd1c71c780f,False,Bromley-by-Bow,51.52484018370095,-0.0116823743530453,"2,3",E3 3BT,East
284b29f2-4669-431c-9942-9ad451aabf46,False,Brondesbury,51.54526203281226,-0.2028384833427922,2,NW6 7QL,North
01277358-19c3-4c89-9b9d-99586d98c154,False,Brondesbury Park,51.54032502366848,-0.2104739441080781,2,NW6 6RP,North
c1e2646d-d263-4ef3-9484-3fdf35e3d091,False,Broxbourne,51.74701555272976,-0.0110240837822528,9,EN10 7AW,East
bbb759cc-c8f9-40e2-8000-4de5c72206c2,False,Bruce Grove,51.59401113363423,-0.07039898936228,3,N17 8AD,North
843f59bb-8f06-47db-8a10-161d6e0560cc,False,Buckhurst Hill,51.62657674004732,0.0467125414287692,5,IG9 5ET,North East
e59b5bad-a164-4f87-aedb-7d1a919f23ed,False,Burnham,51.52350398967751,-0.6463882083350451,,SL1 6JT,South
8dce247a-a5e9-4aed-a85f-151548f732ae,False,Burnt Oak,51.60255148173764,-0.2643307082008112,4,HA8 0LA,North West
e9f1a099-b70f-40af-b404-4586a315c1ef,False,Bush Hill Park,51.64148184854447,-0.0692804122261309,5,EN1 1BA,East
f58406b5-566a-462a-a066-af423feef466,False,Bushey,51.64554353257736,-0.3847215327260823,8,WD19 4ST,West
42b50a60-e2fd-4ca0-a521-ee076f060f07,False,Caledonian Road,51.54788524982811,-0.1183608610646948,2,N7 9BA,North
999d4e8b-7f82-4c3e-8a3d-04b1ca3aad65,False,Caledonian Road and Barnsbury,51.54328438938168,-0.1152048559488143,2,N1 0SL,North
54fe26e3-fea8-457d-89e4-bc9be6c26a42,False,Cambridge Heath,51.5320596731624,-0.0572032006374023,2,E2 7NA,East
ec90fc90-5f25-4090-ad52-824e6d6bf3a9,False,Camden Road,51.54185100885649,-0.1392031114010443,2,NW1 9LQ,North
c8ba9409-51c5-4435-ac3c-9b17feb49030,False,Camden Town,51.53996912160411,-0.1424523798764894,2,NW1 8NH,North
ea8ccd3f-ec69-4fd0-8348-a51616f0a618,False,Canada Water,51.49816833125088,-0.0508071208490972,2,SE16 7BB,South
416236f6-07fa-48ac-a7a2-93482c1a3aab,False,Canary Wharf,51.50357837512887,-0.0194668401393244,2,E14 4QS,East
362a6771-bfae-4d15-aa8a-881a77bbff74,False,Canning Town,51.51387030350512,0.0083056327487643,3,E16 1DQ,East
e152f0fa-98f7-45d8-a9f9-e0ada5d954a3,False,Cannon Street,51.51136194370192,-0.0902505264150347,1,EC4N 6AP,Central
770c23f0-1fb7-4255-8c05-6ded743f4d6d,False,Canonbury,51.54818823621243,-0.092574195328179,2,N1 2PG,North
109d31fc-2464-4e06-8bcf-cc0f3bd1258e,False,Canons Park,51.60765009028535,-0.294391591494146,5,HA8 6RN,North West
ed6dd52d-5372-47ba-bb71-14f03ef136bd,False,Carpenders Park,51.628186088758376,-0.3858293151270327,7,WD19 7DT,West
3cb0a9b3-fa72-4164-8a7e-58dbf41676f4,False,Carshalton,51.36842609544169,-0.166398326395598,5,SM5 2HT,South
3b3ae0b0-6ab5-4b5f-9231-e4e7daea4919,False,Carshalton Beeches,51.357386565323054,-0.1694963244693624,5,SM5 3LG,South
d521a169-c3aa-4cff-ae4d-8105f47e065a,False,Castle Bar Park,51.52297312488631,-0.3315040699380954,4,W7 1AY,West
b5cc8879-8f82-419a-b7c8-751ef6e800b4,False,Caterham,51.28216269622904,-0.0786072982130977,6,CR3 6LB,South East
418b10a2-5ca0-4795-a34b-4846d1b8f184,False,Catford,51.444264871170326,-0.0265384985567016,3,SE6 4XT,South
32775326-16da-4f88-abca-9fb6dfa992e1,False,Catford Bridge,51.44469458702001,-0.0248218759100756,3,SE6 4RE,South
d0a9bc3e-917c-4824-926c-9eb97c0b9077,False,Centrale,51.37576730003021,-0.1038881032216323,"3,4,5,6",CR0 1XT,South East
18b4ff61-beb5-46c8-a02b-9bb2c86952a2,False,Chadwell Heath,51.56804709196961,0.1289011125681798,5,RM6 4BE,North East
1f392780-058f-4c29-9cd5-c56c538abc17,False,Chafford Hundred,51.485554969647055,0.2874757055480307,7,RM16 6QQ,North East
09a51f7b-eb5c-4e59-95b9-1e794f9fa484,False,Chalfont and Latimer,51.66790656389214,-0.5610677589431823,8,HP7 9PR,North West
4b98db3e-0783-44af-b754-d21db1ec905a,False,Chalk Farm,51.54414883734655,-0.1537330695060796,2,NW3 2BP,North
d6281a4d-bb07-4586-84b6-c4eab9b52dc4,False,Chancery Lane,51.51849383581988,-0.1119620267624171,1,WC1V 6DR,Central
d1e053d2-34e4-4f3b-b83f-c4fb92769880,False,Charing Cross,51.50835842818622,-0.1248029372330441,1,WC2N 5HS,Central
69442893-af89-4806-bead-478c1a7631c5,False,Charlton,51.48683504159718,0.030941644861415,3,SE7 7AB,South
c2c4b32f-2edd-4f93-8011-cc4cce502157,False,Cheam,51.35545989418584,-0.2142112809279711,5,SM3 8RZ,South
c484ae06-2490-4506-9092-6f69217936e1,False,Chelsfield,51.3562647640171,0.1089841204169227,6,BR6 6EU,South East
7e098a56-3715-4743-9bfd-269c535a50ef,False,Chesham,51.705379023301255,-0.6114296352979314,9,HP5 1DH,North West
b1fc5eaf-32d5-4a24-b37f-3c31e4798e65,False,Cheshunt,51.70287327834175,-0.0238874154296612,8,EN8 9AQ,East
cc9fc0ae-23c9-4d40-9dee-95c03b856964,False,Chessington North,51.364242952267205,-0.3004761235978513,6,KT9 2RT,South West
ca7d7c10-758e-4b1a-a4ac-2365c0d2086c,False,Chessington South,51.35670402954921,-0.3070890151938865,6,KT9 2DD,South West
da2115d8-9a72-4822-874b-441a016389a0,False,Chigwell,51.61785799974183,0.0761792153523027,4,IG7 6NT,North East
89d0be45-fb9e-4d2c-a744-2c48be22cf8b,False,Chingford,51.63325339188138,0.0095143255308797,5,E4 6AL,East
91e1a66f-822d-46f0-bad3-3b07014b1ef7,False,Chipstead,51.30927470676411,-0.1694458678346424,6,CR5 3TD,South East
2a5a8701-e5c4-4219-939d-2375fa41a7ea,False,Chislehurst,51.405598505329735,0.0574918216477489,5,BR7 5NN,South East
31a330c1-7aa6-4e34-80a2-56e36d5f808f,False,Chiswick,51.48078105961514,-0.2670133177082469,3,W4 2QE,West
a809b06c-2954-4e64-9fa5-79051612d389,False,Chiswick Park,51.49437027794272,-0.2677369179922983,3,W4 5NE,West
1f74a769-4e3b-46b6-94d6-b206a532695b,False,Chorleywood,51.65426508092765,-0.5183339108571566,7,WD3 5ND,West
49a0734f-bea4-4e3d-ae27-61595f0b380d,False,Church Street,51.37370639339632,-0.1043468282681188,"3,4,5,6",CR0 1RN,South East
1fb0c041-e7ac-4df4-a197-20518fad1038,False,City Thameslink,51.5139349006601,-0.1036184485528027,1,EC4M 7JH,Central
c13c85c6-6544-49cc-8b21-45899b992816,False,Clapham Common,51.46180344580792,-0.1383149013879234,2,SW4 7AJ,South
72f3cd4b-62fc-49d8-8b1e-8bed2954a250,False,Clapham High Street,51.46546929922253,-0.132464501562701,2,SW4 6DQ,South
7fa845a7-a3fd-4eff-921d-0a8415dc32c5,False,Clapham Junction,51.46436650778944,-0.1703150005441662,2,SW11 2QP,South
2bd263ff-b94b-4028-9513-bcc026e1748f,False,Clapham North,51.46491600472909,-0.1299100619146426,2,SW4 7TS,South
a9363065-6046-4c1c-bf5c-f0194750a613,False,Clapham South,51.45267624920499,-0.1479840683302919,"2,3",SW12 9DU,South
debe8a35-cd92-41a3-b1c7-e77954bb269a,False,Clapton,51.56156899642487,-0.0574894582650097,2,E5 9JP,East
0f4e275f-6afd-401c-ae58-4a8f2f0c32a0,False,Clock House,51.408540496896926,-0.0407020924973615,4,BR3 4PR,South East
f1fa5160-bfe8-406a-b817-24f3a52cb5c2,False,Cockfosters,51.65202423620424,-0.149916709772051,5,EN4 0DZ,East
297be0c9-fdcc-481f-8620-ed73df65a42f,False,Colindale,51.59523010894074,-0.2502875400711353,4,NW9 5HR,North
a58067e9-8fd6-4c12-93d0-d5d394116d20,False,Colliers Wood,51.41875889952969,-0.1774150980496051,3,SW19 2HR,South
6f693829-9211-49c6-9cc1-875a30fea3d7,False,Coombe Lane,51.35978921448624,-0.059531571121806,"3,4,5,6",CR0 5RF,South East
0185c5c0-740d-425c-a51c-24cb5f8a8c4c,False,Coulsdon South,51.31580072052946,-0.1379030891827174,6,CR5 3EA,South East
69aec30b-8ab8-4411-8ec7-bb83a8dd926b,False,Coulsdon Town,51.32245273545386,-0.1343470562402079,6,CR5 2JA,South East
6755ece0-c460-4849-9ba9-ece9e516d8f1,False,Covent Garden,51.51276003353218,-0.1245068937369663,1,WC2E 9JT,Central
3d705043-53f4-4437-8cc4-48903e680def,False,Crayford,51.44854705225513,0.178502718160404,6,DA1 3PY,South East
b2843cb1-828b-4756-afc3-c39c8627f147,False,Crews Hill,51.68447443881015,-0.1068441000992872,6,EN2 8AY,East
106419c5-e493-4211-ac60-cb025b81f157,False,Cricklewood,51.55842232306195,-0.2125479314767667,3,NW2 1HL,North
899849f1-ee85-4e73-b74e-83c4e7fe0021,False,Crofton Park,51.45517923504132,-0.0365465817645417,3,SE4 2RA,South
403ee0dc-0022-46c3-b319-2a0ff138b09a,False,Crossharbour and London Arena,51.49583995740512,-0.0149328130902497,2,E14 8AD,East
86ddae27-b06c-41dd-8b91-e5a7e512321e,False,Crouch Hill,51.57132690836755,-0.1171332840976015,3,N4 4AU,North
6f4497a9-9ff0-4066-b918-a9925830695b,False,Croxley,51.64700456011115,-0.4416037868779258,7,WD3 3DY,West
4ef5833e-40ff-45ea-827f-3f527352a1c1,False,Crystal Palace,51.418170235167786,-0.0726072324587528,"3,4",SE19 2AZ,South
1c20eee7-4a95-4cd3-96ab-deae21493919,False,Custom House,51.50962210163043,0.0257725103052805,3,E16 3BX,East
f547568f-ede4-43f7-b8a2-9f45982a570d,False,Cutty Sark for Maritime Greenwich,51.48194445322957,-0.0105818667236087,2,SE10 9SW,South
d89f9b39-389b-4fac-8c97-83cfe95bb8c0,False,Cyprus,51.50852668850102,0.0638407560748753,3,E6 5PH,East
ea722ed2-173d-4665-8706-6ef43e47bcbf,False,Dagenham Dock,51.52628743708208,0.1450310152885246,5,RM9 6RA,North East
b5b6cf6f-ba22-4935-a5be-067a72518e12,False,Dagenham East,51.54418761328958,0.1658334333091666,5,RM10 8AA,North East
3d8fdaf6-4007-44ec-ad85-92c6b2e62223,False,Dagenham Heathway,51.54121203550144,0.1476797214740033,5,RM9 5AN,North East
e0366379-9029-4bea-a5f1-80cd6e62f722,False,Dalston Junction,51.54609359547847,-0.0749942044988174,2,E8 3DL,East
2a829aac-cd42-4f92-bb27-7417ea56f4fd,False,Dalston Kingsland,51.54866769606561,-0.0762269216179967,2,E8 2JS,East
cb5e3ba6-fde2-4591-bf83-28960140c82e,False,Debden,51.64549214152591,0.0838014752563246,6,IG10 3TG,North East
a6567490-c28e-4c7a-b4b1-6db0653a972a,False,Denmark Hill,51.46820049292506,-0.090987869102917,2,SE5 8BB,South
a5b7dc9f-3fc2-49f7-b287-2126cc5c5590,False,Deptford,51.47889004331755,-0.0261963195339122,2,SE8 3NU,South
6a51c762-7046-4549-95e2-23275d333a6a,False,Deptford Bridge,51.47447673839478,-0.0220524287742925,"2,3",SE10 8BU,South
019bb2f5-00ab-45d5-b656-5f391f1063fb,False,Devons Road,51.52225844074295,-0.0180077541751607,2,E3 3QX,East
a941d770-abe9-47f5-a5a4-0c2b42a2fd82,False,Dollis Hill,51.55185020227431,-0.2387977583647576,3,NW10 5NB,North
973d64dc-d7d3-4e0d-81f1-182e946f9aa0,False,Drayton Green,51.51600413801542,-0.3296112533786995,4,W13 0JX,West
708c7e5a-d7ec-488d-9006-380a87398c1f,False,Drayton Park,51.553078136383206,-0.1057701991034677,2,N5 1NT,North
b6a1f27d-8465-443e-9b4d-1d31fc6690db,False,Dundonald Road,51.41739780912452,-0.2075271102007702,"3,4,5,6",SW19 3QJ,South
df7e798c-90e6-4014-9e7d-6981a33a5b2e,False,Ealing Broadway,51.51486148277942,-0.3020103761336258,3,W5 2NU,West
b5e9e7ef-d23e-4c02-872e-a0ebfb5041bc,False,Ealing Common,51.510248187933655,-0.2871514131053222,3,W5 3LD,West
5c61c469-7a4c-414b-98a0-8f249d6f768b,False,Earls Court,51.49135635619762,-0.1943138070951425,"1,2",SW5 9QA,South
173bc635-51fb-4832-b5dd-0fba6660b95f,False,Earlsfield,51.44223850305,-0.1872726865431778,3,SW18 4SW,South
442fa97e-68c9-4ebb-9009-b628593dad2f,False,East Acton,51.51626301045364,-0.2481122212813141,2,W12 0BP,West
4c2ce8b8-da3a-4866-ac60-3d7c08ade0b9,False,East Croydon,51.37571595390626,-0.0918634955366216,5,CR0 1LF,South East
5a768eef-a4ef-4197-af79-68d61ef9ba35,False,East Dulwich,51.46162545364044,-0.0804365711324548,2,SE22 8EF,South
04c5d21f-c176-4735-b82d-a68a1cd83b86,False,East Finchley,51.5873322776344,-0.1647438844467196,3,N2 0NW,North
68c7c28e-a4b3-460c-8dbc-8a8c2ba8ce97,False,East Ham,51.53924625194368,0.0515162934805761,"3,4",E6 2JA,East
042e4329-2c51-4aed-96cc-35cf0dd8a335,False,East India,51.5086840050616,-0.0023703315489933,"2,3",E14 9PS,East
1c74b5a3-bfe7-4dd9-881c-7f64965e4da7,False,East Putney,51.45887944035384,-0.2109982315959417,"2,3",SW15 6SN,South
d34fde77-4f33-40ee-bdc1-2cfdceec5b4d,False,Eastcote,51.57655117614093,-0.3968232901498021,5,HA5 1QZ,North West
fa02e255-ce37-4b38-adba-d37e52a3fcef,False,Eden Park,51.390796061854985,-0.0266697155140848,5,BR3 3HQ,South East
2381e28b-e8c1-48d4-a651-6e10e050996e,False,Edgware,51.61422917451505,-0.2750936620617057,5,HA8 7AW,North West
33ebdab5-c7ab-43a9-a205-d8949fad66c1,False,Edgware Road (Bakerloo),51.520645084536135,-0.1705395498997404,1,W2 1DY,West
c7e27e50-a446-4554-94f2-d0539e793c99,False,Edgware Road (Circle/District/Hammersmith and City),51.519997771093394,-0.1676682526511785,1,NW1 5DH,North
0fdb6f5f-99b9-4d7f-abaa-cb2ab78a2d23,False,Edmonton Green,51.62511560436454,-0.0616390192351294,4,N9 9DX,North
cdb93a1d-f3aa-4cb1-8744-29fde3706cc6,False,Elephant and Castle,51.49584922002923,-0.1007387142562823,"1,2",SE1 6LW,South
ec20aabc-90ca-4298-aaaf-1a7877edd0cd,False,Elm Park,51.54912490990794,0.1972526842834268,6,RM12 4RW,North East
4c4661ae-40f8-4c61-af83-251b1bd069f4,False,Elmers End,51.39829103016248,-0.0494638321399583,4,BR3 4EJ,South East
76db25d1-65f4-4f01-9a40-02f94a2f4368,False,Elmstead Woods,51.41708070663452,0.0442293428430611,4,BR7 5EW,South East
a1a5734c-a620-401c-a095-108c5adadf6d,False,Elstree and Borehamwood,51.65287512084613,-0.279828614916371,6,WD6 3LS,West
95807b66-e922-4231-81ac-a656364b2d1d,False,Eltham,51.45566230922668,0.0523293078984463,4,SE9 6UB,South
89237d98-a1bb-42b0-95f1-f060a7996dce,False,Elverson Road,51.46837216503855,-0.016816376196184,"2,3",SE8 4LA,South
457a9061-abd6-4bb1-8017-0c1eaeb4efdd,False,Embankment,51.50731229694681,-0.1223673356621198,1,WC2N 6NS,Central
f68aa4fb-8672-4237-b888-fd700f91f06c,False,Emerson Park,51.56911527219532,0.2202229371998107,6,RM11 2JR,North East
acf117bb-dbde-4640-ae24-86d349383e3b,False,Enfield Chase,51.65272196544716,-0.0907042050119525,5,EN2 7AA,East
4bef91b2-89c2-4fac-bbe3-1028ca316869,False,Enfield Lock,51.67084607825663,-0.0283910700615031,6,EN3 6BW,East
26cac061-e2b2-4aa8-b405-e5bda4262216,False,Enfield Town,51.65196994515368,-0.0793299217281958,5,EN1 1YB,East
d6ecba00-e96b-4160-a7ca-11e6bd1c2c60,False,Epping,51.69368635497796,0.1138255535142121,6,CM16 4HW,North East
b0a43efe-99ef-4a6f-80b6-18b8e12c7636,False,Epsom Downs,51.32365904938116,-0.2389702234596616,6,KT17 4JX,South West
9c31a006-8f64-4112-8013-478851eda2e8,False,Erith,51.48164796323426,0.1742612910268147,6,DA8 1TY,South East
d64263fb-509a-4339-a6d2-3a86b865c4a8,False,Essex Road,51.54063315566608,-0.0963655253611018,2,N1 2SU,North
d74fa9ff-1a1d-416e-bdfb-62db44504210,False,Euston,51.528664114832,-0.1332964708191512,1,NW1 2DU,North
92d126b5-c71e-4ffb-8e41-094fc68b7d37,False,Euston Square,51.525468382999584,-0.1353444884426915,1,NW1 2BN,North
0b3f9d53-5b04-4612-be9a-9decb4038da8,False,Ewell East,51.345243482663065,-0.2415029979804253,6,KT17 1QR,South West
4c216bcb-f74a-4dbc-8ec3-b3f45b959c50,False,Ewell West,51.34999072305868,-0.2570891291976419,6,KT17 1TU,South West
645fa95d-79e2-4f54-8f34-3b63f3a26fde,False,Fairlop,51.59610969417489,0.0905932799159299,4,IG6 3HD,North East
38d6940c-6ccc-4a71-b85d-863b91e83c51,False,Falconwood,51.45908592772001,0.0785096933805762,4,SE9 2RN,South
86863791-1cbc-4743-8fc1-daed77eb8128,False,Farringdon,51.52019551919777,-0.1048430613167642,1,EC1M 6BY,Central
cb8a1e39-a9a5-4089-9b57-408b00cdd30e,False,Feltham,51.44787850388705,-0.4098244711576437,6,TW13 4BY,South West
9a9cba8c-c0d8-4211-af39-154a04ca5e14,False,Fenchurch Street,51.51156657985079,-0.0785541524539051,1,EC3M 4AJ,Central
ea409a06-062f-4c11-aec5-05a0f25a8102,False,Fieldway,51.35131696970674,-0.0245032653332691,"3,4,5,6",CR0 0QA,South East
2f82afa9-fa02-4faa-9116-3cf1bb6e6a8d,False,Finchley Central,51.60090293685636,-0.1932206347116579,4,N3 2RY,North
2c717580-33a5-402b-98ad-304f1bfe2d71,False,Finchley Road,51.54709590643439,-0.1800505586324935,2,NW6 3BS,North
2533baa2-7fc7-4a8a-91f1-4b2a6c12bd5e,False,Finchley Road and Frognal,51.55011920011288,-0.1836512006949723,2,NW3 5HT,North
677aedd7-ea8c-4426-b583-0fc8a9a39601,False,Finsbury Park,51.564635274841386,-0.1058814855289023,2,N4 3JU,North
3da54544-cde1-4b80-a7ce-d66f04a798dd,False,Forest Gate,51.54931616108423,0.0241890915432563,3,E7 0QH,East
fc250a66-ce35-4b68-bae8-4754d6b7b9ce,False,Forest Hill,51.43930822760034,-0.0533285042533909,3,SE23 3HD,South
80fdae17-fd54-48cd-ad21-7cb7e6919f28,False,Fulham Broadway,51.480260585746336,-0.1955441615278966,2,SW6 1BY,South
c770c79c-d489-45bf-8770-e42560b6f2f5,False,Fulwell,51.433941995205664,-0.3494385176467358,6,TW2 5NY,South West
8c4ea3ac-2f68-45d6-ad18-34b2f4234842,False,Gallions Reach,51.50903426024889,0.0717753947300296,3,E6 6FZ,East
a1cc8537-7388-48cc-a871-f461ee8e2e78,False,Gants Hill,51.57655306294169,0.0660840980631794,4,IG2 6UD,North East
325fbe21-8231-469a-98db-08f4f41d119b,False,George Street,51.37396589757682,-0.0987181046574809,"3,4,5,6",CRO 1LA,South East
37be350c-6899-4c27-8a04-f98716381c07,False,Gidea Park,51.5818660866497,0.2059769831264667,6,RM2 6BX,North East
4e9bbd5d-747a-42a8-bda6-09c465ea43c3,False,Gipsy Hill,51.42446938789821,-0.0838351671131961,3,SE19 1PL,South
f6d8fa90-3a79-4b31-b6a5-58b38b1acd73,False,Gloucester Road,51.4944992596252,-0.183543557571591,1,SW7 4SF,South
855b1801-926d-4cd4-89ec-09e16faad9f4,False,Golders Green,51.57221521685042,-0.1948345569382634,3,NW11 7RN,North
d5e4cbc6-a0ba-4a3a-9e1e-d4dece562ab9,False,Goldhawk Road,51.50207659663676,-0.2274040032488232,2,W12 8EG,West
221804cf-0da7-4ba7-ae93-4696429152ce,False,Goodge Street,51.52061289126984,-0.1348076891147268,1,W1T 2HF,West
c7460b69-6a34-4dbb-b5a9-c5e459c4f338,False,Goodmayes,51.566181168031925,0.1117296550287497,4,IG3 9UH,North East
dba3f060-6cff-451f-a1ac-3b368aa23802,False,Gordon Hill,51.66350208554497,-0.0944732992729422,5,EN2 0QU,East
986e2b35-d6bf-486e-b2e4-d9ba2ccf4398,False,Gospel Oak,51.5554050480654,-0.1513010312452065,2,NW5 1LT,North
026feb0b-0bb9-4d30-94a9-48942beb62ec,False,Grange Hill,51.61348057933538,0.092272530168692,4,IG7 5QB,North East
233089ac-1b4e-4a04-a267-55f95ae19a08,False,Grange Park,51.64262292064852,-0.0973144232582473,5,N21 1RE,North
2828ce46-9d2c-41d9-bd57-2d876e1e0166,False,Gravel Hill,51.35454318729639,-0.0431216986501781,"3,4,5,6",CR0 5BJ,South East
bdfe61ed-df50-4024-bdee-a23591f45736,False,Great Portland Street,51.52378856271794,-0.1439614240810903,1,W1W 5PP,West
17aa3af6-908d-4631-ab8c-fcbc1b5a0065,False,Green Park,51.50676025371464,-0.1424775744225331,1,W1J 7BX,West
abad4a08-bf1b-4f20-a236-e24cbe80e039,False,Greenford,51.54197950701463,-0.3458787331310219,4,UB6 8PR,North West
2fd8aa17-641f-4260-a9cb-487a763dfc04,False,Greenwich,51.47754764253433,-0.0148630836027375,"2,3",SE10 8JQ,South
99024102-2448-4c74-93ce-7e07ae4f6a5b,False,Grove Park,51.43043268339476,0.0225985021902338,4,SE12 0PW,South
26c942af-a7d6-4929-8469-e738252f16d3,False,Gunnersbury,51.49186296322991,-0.2751641314162503,3,W4 5RP,West
64d3183a-5a87-419f-8e9e-2152fba385b3,False,Hackbridge,51.37786064983568,-0.1538791968503584,4,SM6 7BJ,South
1a603278-e551-40dd-8188-70a81cc26f73,False,Hackney Central,51.54725735659255,-0.0555895118024949,2,E8 1LL,East
324ae823-eecc-45ad-94c1-15915c736bc1,False,Hackney Downs,51.54907798925833,-0.0601851048568028,2,E8 1LA,East
a0923153-0281-4929-ad5e-5f65c28f1437,False,Hackney Wick,51.54355836778055,-0.0252595027702908,2,E9 5ER,East
ab0b3a23-7c4c-4c6c-886a-dbaef155a857,False,Hadley Wood,51.66840258482291,-0.1765811878353872,6,EN4 0EJ,East
933fbecb-e3c6-4016-bbcd-72303f2c3d06,False,Haggerston,51.53868460901327,-0.0755952577608923,2,E8 4DY,East
3167b53f-f82b-4561-a503-f0ff7962843d,False,Hainault,51.602845483752255,0.0941085508301524,4,IG6 3BD,North East
daf2dd96-c72a-477d-a5dd-f2db2ff89b33,False,Hammersmith (District),51.49181941355715,-0.2228609258853042,2,W6 9YA,West
7d0099d1-d5b2-4b3f-8b1e-b301583c76bf,False,Hammersmith (Met.),51.49348298668772,-0.2246401545007005,2,W6 0ED,West
0464dc71-78c0-4b9d-b2c8-d269487ec6d3,False,Hampstead,51.55654230644866,-0.1780145581084496,2,NW3 1QG,North
dd775ba4-4f37-42fb-87e6-c51bb91a8419,False,Hampstead Heath,51.555199657702005,-0.1645661816775728,3,NW3 2QD,North
fbb23c80-e1f9-4395-b2a3-bc71aa5c70f5,False,Hampton,51.41587894495368,-0.3721352456690553,6,TW12 2HU,South West
62a3c5d2-fcf2-4fe2-9fd6-1a21ccc82f0e,False,Hampton Court,51.40229331804945,-0.3427571453065689,6,KT8 9AE,South West
089ce409-6f38-4b16-b167-c2ab2030b28d,False,Hampton Wick,51.41463953160616,-0.3131036039493127,6,KT1 4DQ,South West
4e9b7981-f0f8-4986-88e9-fa525b18de21,False,Hanger Lane,51.5300715563412,-0.2929961405571649,3,W5 1DL,West
5e488e18-2f14-42e6-9978-5e7523588159,False,Hanwell,51.512185406676046,-0.3380518777863309,4,W7 3EB,West
4b02c3ae-34f5-4576-ac5c-cb224820bb61,False,Harlesden,51.53625790862039,-0.2574956703770174,3,NW10 8UT,North
596166f6-c790-4973-a775-a026a3e8bf39,False,Harold Wood,51.59320260393047,0.2342040766583728,6,RM3 0BL,North East
6a216ce3-ee51-44f5-8a47-84da4250fb42,False,Harringay,51.57735773978009,-0.1052082519128206,3,N4 1RW,North
b8bfd9da-2a9d-46a3-a741-e7cdadc2012f,False,Harringay Green Lanes,51.5771457347569,-0.0982173912207183,3,N4 2NU,North
b1914173-1ee0-4634-a4e8-6c2ff266ecda,False,Harrington Road,51.399790474914624,-0.0606999543468706,"3,4,5,6",SE25 4NF,South
2593fdb1-8a8a-4556-89b7-bee86eced1d2,False,Harrow and Wealdstone,51.59259408808769,-0.3342526785741267,5,HA3 7RF,North West
2345ea18-a611-4f4a-a1c8-75033a7fdaa3,False,Harrow-on-the-Hill,51.5793875695421,-0.3370015107060956,5,HA1 1BB,North West
87aa9b4c-5bee-4896-85ff-c0660b247c3a,False,Hatch End,51.60982790224495,-0.3691787730321793,6,HA5 5LZ,North West
423ab0f2-6549-446f-aa24-98ff15c3d112,False,Hatton Cross,51.466684612990974,-0.4233805529699787,"5,6",TW6 3PF,South West
2d230a72-816d-4d1b-9f4a-f25ff584ab6a,False,Haydons Road,51.4254570111129,-0.1889293572795519,3,SW19 8SL,South
26044a6c-7c17-48a5-9c21-dc5fef5d8aa6,False,Hayes,51.37573672611433,0.0101426524706988,5,BR2 7EN,South East
8f51bb46-6bfb-4b30-bbff-3ce87b97da4b,False,Hayes and Harlington,51.50304838798409,-0.4206418932877566,5,UB3 4BX,North West
2ae8494c-3bb8-4ad5-ab16-472e4c2a652b,False,Headstone Lane,51.60249904455844,-0.3569075069574213,5,HA2 6NB,North West
e3e98047-da46-4e86-b1e5-65825143312c,False,Heathrow Terminal 4,51.4597796985324,-0.4477295782660727,6,TW6 3AA,South West
54148875-08aa-41f0-aa79-fdd2bc6da79d,False,Heathrow Terminal 5,51.470024624464,-0.4906474891242473,6,TW6 2GA,South West
84a05505-2bc3-4712-a33d-ebe67f704db3,False,Heathrow Terminals 1 2 3,51.47128866191333,-0.4524072136493198,6,TW6 1EB,South West
57bb3327-aef6-4ddd-930f-f16341b9a56c,False,Hendon,51.58007459514265,-0.2386305172919683,"3,4",NW4 4PT,North
14998296-74b5-4689-a07c-e96612c77556,False,Hendon Central,51.583132678162094,-0.226734137100088,"3,4",NW4 3AS,North
feabafe0-942a-45b2-8d5f-0cc0b75ff6a6,False,Herne Hill,51.45399120427041,-0.1025629077072506,"2,3",SE24 0JW,South
cc0fd079-fd3a-4dfe-a84a-7e6d54e0db6e,False,Heron Quays,51.50338653553158,-0.0219535320363096,2,E14 4JH,East
fdc2581d-94f1-495b-b04a-5a291f7a0362,False,High Barnet,51.65168793826675,-0.1941653779796151,5,EN5 5RP,East
92122a6e-85e8-4c8d-9302-cdd6a7f1e6b8,False,High Street Kensington,51.50072913416872,-0.1915660554964191,1,W8 5SA,West
2dfde4bf-bc19-40dd-bb3f-3a2e57d9e4b6,False,Highams Park,51.608355995963855,-0.0001352859195288,4,E4 9LA,East
6339de91-7b07-4cc2-960f-3e12bb216599,False,Highbury and Islington,51.54649533884997,-0.1040821392393529,2,N1 1SE,North
cb72f77d-2dc5-43c4-965d-75cf4e917011,False,Highgate,51.57764637933854,-0.1469348609337413,3,N6 5BH,North
cf3f1a0f-06e9-4677-8d79-13fd174c6afe,False,Hillingdon,51.553776781763695,-0.4498979816230209,6,UB10 9NR,North West
0c78ce9c-b41f-4fb2-b9d9-876f32338598,False,Hither Green,51.45240172323648,-0.0009709123245438,3,SE13 5NF,South
ddc420a7-76a5-474e-92c4-b3d065feb9f3,False,Holborn,51.51723554139566,-0.1198405066029367,1,WC2B 6AA,Central
29744523-95e9-4224-bbd4-1642e705952e,False,Holland Park,51.50714614814041,-0.2065577754123284,2,W11 3RB,West
ec5f4610-8035-48f3-b38f-2c175433f871,False,Holloway Road,51.552815921064415,-0.1129356962168598,2,N7 8HS,North
6f9943a0-e2b0-47f8-9e42-b1577d54cc22,False,Homerton,51.54659538619648,-0.0385123470211163,2,E9 5SD,East
58213804-7e65-4842-a0f3-8e3dd703ebd3,False,Honor Oak Park,51.45064817104048,-0.0441531210321065,3,SE23 3LE,South
774c1627-56af-4adc-bef8-093e42ce8a40,False,Hornchurch,51.55435547079002,0.2189269994111758,6,RM12 6LS,North East
a04705c1-9475-4b69-8255-81af8f42d283,False,Hornsey,51.58647467109524,-0.1118156373997599,3,N8 8SE,North
595367fa-292c-4341-962e-8912a4f507c7,False,Hounslow,51.46250422727275,-0.361796248390842,5,TW3 3DL,South West
9ad68be2-68ad-49da-b5d3-100aba2d055a,False,Hounslow Central,51.47092516879989,-0.3659581213668801,4,TW3 1JG,South West
56425efc-e0e6-4e04-882f-48d462a5266f,False,Hounslow East,51.47370731480755,-0.3552753144989688,4,TW3 4AB,South West
a7449f75-3979-44f3-8621-38c6a49bcc97,False,Hounslow West,51.47310508637143,-0.385707619977202,5,TW3 3DH,South West
da3e0e78-55c6-44ac-9110-c0bc2d8436de,False,Hoxton,51.53139149136721,-0.0755856468761882,"1,2",E2 8HR,East
2d8bc308-3f5a-49e9-b3cc-1000f7f406bc,False,Hyde Park Corner,51.502583765542106,-0.1524741126318679,1,SW1X 7LY,South
1173490e-e242-4038-ad85-f1347919042c,False,Ickenham,51.56082433291199,-0.4415795012687994,6,UB10 8PD,North West
46d763c9-ce57-42cb-9502-4499256d0060,False,Ilford,51.55914235666761,0.0686851911807607,4,IG1 4DU,North East
e5b30b51-337b-4fac-9ebd-0257a4ae7cb7,False,Imperial Wharf,51.47493863003009,-0.1828375028016368,2,SW6 2HA,South
ee69f44d-2211-46bc-8716-3d6b9d73be6e,False,Island Gardens,51.48795007358022,-0.0104933031301963,2,E14 3FA,East
50b1aa05-62c2-4a5e-983f-0759d766fab1,False,Isleworth,51.47503687348704,-0.3373287584598126,4,TW7 4BX,South West
61b355b5-20c0-4397-9c5a-dde7056f4f08,False,Iver,51.50850130163604,-0.5067404189391109,,SL0 9AU,South
e3db0bbc-cbd7-4cf0-81f8-e2a1b5571f3e,False,Kenley,51.324600148977446,-0.1012197121720331,6,CR8 5JA,South East
bc19aff1-8711-4cae-af74-a13b49bd1af4,False,Kennington,51.48866228881571,-0.1050706127740003,2,SE11 4JQ,South
1e7fd320-45e6-4eb4-ab46-009f73f1bcc5,False,Kensal Green,51.53052384871879,-0.2247133811380436,2,NW10 5JT,North
031c2b44-3ef5-4ba6-9be7-8db893e8bad6,False,Kensal Rise,51.5342147055381,-0.2208209758254941,2,NW10 3NT,North
8bf478b3-2af7-4b43-8374-fb9e9cfd93d7,False,Kensington (Olympia),51.49787935712583,-0.2103792397678828,2,W14 0NE,West
f304e8a2-b5b4-43ec-b22f-0607bdfc13bd,False,Kent House,51.4127175867398,-0.0458155530612075,4,BR3 1JF,South East
beac557c-22e4-4123-a821-bce558d0ca32,False,Kentish Town,51.55000929428177,-0.1404712627005257,2,NW5 2AA,North
02ea40d4-6982-4eba-b00f-8ac7ecc1c71d,False,Kentish Town West,51.546547731815146,-0.1467564086224741,2,NW5 3LD,North
7f734713-cc9d-4dbf-b867-0e56f71fc668,False,Kenton,51.5814957703514,-0.3152168608263206,4,HA3 0XS,North West
040a1522-0d04-408d-906c-09e7ab3fc148,False,Kew Bridge,51.490004145325656,-0.2888464898886721,3,TW8 0EF,South West
2e487f77-9cd3-46cf-922c-06e595ccf393,False,Kew Gardens,51.476788671230366,-0.2853810066761743,"3,4",TW9 3PZ,South West
5aca28a5-0080-4a32-a1d4-a75b6ea84381,False,Kidbrooke,51.46269023696999,0.0283002391854779,3,SE3 9NF,South
2b4ce0e2-c05e-427c-8f35-46fda6acb478,False,Kilburn,51.54694410286596,-0.2046327166992552,2,NW6 7QL,North
b6e2acc5-7f7e-4759-be29-c82e9b086114,False,Kilburn High Road,51.53726743072475,-0.1911131036134286,2,NW6 7QL,North
feccef0c-4f76-4034-9a19-1bbfc21e332d,False,Kilburn Park,51.53513522184343,-0.1939660549397059,2,NW6 5AD,North
8dda0a1a-3c9d-47bd-9c40-e70e21314699,False,King George V,51.50200871193282,0.0622062141092917,3,E16 2JF,East
bd1881ce-49d3-4669-af7c-4eab50d4d7c2,False,King Henrys Drive,51.34536406699128,-0.020264757424528,"3,4,5,6",CR0 0LH,South East
9e6ed48e-ad9c-41cc-9bc2-3847bf2ecf73,False,Kings Cross,51.53079799248029,-0.1227564205266309,1,N1 9AL,North
7052bc86-1a69-473e-a84d-ce28b79b94b9,False,Kings Cross St. Pancras,51.53031226194627,-0.1238721286870342,1,N1 9AL,North
154525ad-a1ab-4d3c-8a39-ef3c380566eb,False,Kingsbury,51.58487606349117,-0.2786016037131724,4,NW9 9EG,North
7cdbae92-d56c-4da9-8f9f-412fe78c5bed,False,Kingston,51.412641273140125,-0.3011410349213288,6,KT1 1UJ,South West
29b1bad7-80ab-4572-8c2e-31e64f8db6c9,False,Kingswood,51.2947227949647,-0.2112332235239599,6,KT20 6EN,South West
60082b7b-317f-47be-a124-04d9cb1da0d4,False,Knightsbridge,51.50135463701893,-0.1606644846228093,1,SW3 1ED,South
9fa1c717-8d78-41ad-8843-bf9626a5ad9a,False,Knockholt,51.345752156534864,0.1308310398343196,6,TN14 7HR,South East
03e27edf-b497-4e44-908f-f4eb046d28bf,False,Ladbroke Grove,51.51721033175281,-0.2101981698917929,2,W10 6HJ,West
0b342a6d-b36a-442b-a855-ceeb90a5a522,False,Ladywell,51.456192106185256,-0.0192444011254865,3,SE13 7XB,South
fe504d01-90be-4506-aa69-7c6c5102fb19,False,Lambeth North,51.49912976538859,-0.1117682604602059,1,SE1 7XG,South
a8133cdc-b739-4555-8fb4-59aaba077df0,False,Lancaster Gate,51.511890658328326,-0.1754299267897915,1,W2 4QH,West
cbe40d75-c05b-4a9e-b096-3b3d4a0db62c,False,Langdon Park,51.51888391608367,-0.0152137989477048,2,E14 6NW,East
e29d1551-f68b-4cb7-ab72-2aaac96983e2,False,Langley,51.50806077346535,-0.541770556061928,,SL3 6DB,South
97bbca21-c8ab-497f-85da-1a0ecc6227df,False,Latimer Road,51.51395774487751,-0.2174596633172416,2,W10 6SZ,West
12419cd6-28f8-4bf7-ba1e-a974978dfcc8,False,Lea Bridge,51.56663620385152,-0.0366831576627723,3,E10 7PG,East
8d4c3184-5f3f-4aeb-914d-0fe871505708,False,Lebanon Road,51.37519886025052,-0.0849736487598166,"3,4,5,6",CR0 6SF,South East
62351689-7ca2-430e-9bc4-6ca0bab688e2,False,Lee,51.449458544442464,0.0133646923821205,3,SE12 9JG,South
ae547f37-ad02-44b8-8860-fc4818c58b7d,False,Leicester Square,51.51129097417173,-0.1282421466298067,1,WC2H 0AP,Central
f0cfe74c-9153-42df-89cd-c887fb1e0439,False,Lewisham,51.46488069551227,-0.0124327008980092,"2,3",SE13 7RY,South
a8cd320a-74ce-4625-82eb-d0bfe6807e25,False,Leyton,51.55813226231266,-0.006465331580603,3,E10 5PS,East
087cb8bc-daab-458f-b6c0-6bdbc856673c,False,Leyton Midland Road,51.56936422878631,-0.0080663474303507,3,E10 6JT,East
56c65f14-71fe-4e7f-8b18-5212749e31e0,False,Leytonstone,51.56852230672617,0.0091404519570612,"3,4",E11 1HE,East
517f30ef-8671-41c8-862b-f3386b9088d4,False,Leytonstone High Road,51.563807360364464,0.0082544688359558,3,E11 4RE,East
4021ace9-c476-4660-9b17-4e6782f98b13,False,Limehouse,51.51231210167662,-0.0393800776624937,2,E14 7JD,East
21d98f91-f4f6-4a17-9c96-2f81a74a8a5c,False,Liverpool Street,51.51759813225402,-0.0822496218888544,1,EC2M 7PR,Central
97790967-8580-4f60-a439-346eb0bb0a84,False,Lloyd Park,51.36427540535568,-0.0807462726980878,"3,4,5,6",CR0 5RA,South East
f5b94c64-beb5-4295-95a1-34fc1f5b5a8d,False,London Bridge,51.50467420930433,-0.0860055977481396,1,SE1 2SW,South
4ffd25aa-4f01-4d85-a40d-262c756fb6bc,False,London City Airport,51.50368974524741,0.0478727155835258,3,E16 2DS,East
cc6e0333-78d2-454e-8928-cc3f843da984,False,London Fields,51.54071874924931,-0.0576996862209216,2,E8 3PH,East
b943aab9-30bb-45b4-8abb-dffa1b00a64f,False,Loughborough Junction,51.46667873454398,-0.1024973409306313,2,SW9 8SA,South
f06cb191-eeb2-4e39-9300-674af0a4be4b,False,Loughton,51.641570570828016,0.0552790792874478,6,IG10 4PD,North East
8b527320-24eb-4323-8765-acbf50640967,False,Lower Sydenham,51.42484679051851,-0.033330341481054,4,SE26 5AU,South
618db9d0-6279-4bc2-8602-a6cb9d5b1ffc,False,Maida Vale,51.5299947556212,-0.1854326449358559,2,W9 1JS,West
269109e6-b0f7-4ffa-bc8b-2aeb20ab136c,False,Maidenhead,51.51866742695413,-0.7226749105747798,,SL6 1EW,South
6e6b54b6-620b-4709-b0f0-ceb46209acac,False,Malden Manor,51.38460911046991,-0.2611204124317338,4,KT3 5PN,South West
2e1443b2-99be-4db0-aa7b-9615e5470e12,False,Manor House,51.570746986190926,-0.0956849757319274,"2,3",N4 1BZ,North
68a7ec84-d08f-4f6d-9243-90439873cf8c,False,Manor Park,51.55285442759388,0.045723870186973,"3,4",E12 5EP,East
17d9ab39-318d-4187-bdcb-a6aa315d1997,False,Mansion House,51.5120915984511,-0.0941976572437842,1,EC4N 6JD,Central
bd08feb0-ee42-4546-9438-8fe9dc7497da,False,Marble Arch,51.51396523465938,-0.1585712147927576,1,W1C 2JS,West
232cce8e-1844-41f1-9e44-c5fb25960c07,False,Maryland,51.54566828299751,0.0056816541842525,3,E15 1SA,East
12ff1843-54c0-448e-a75b-a431c4f8feda,False,Marylebone,51.52239640326536,-0.1634925623109129,1,NW1 6JJ,North
1ebea11f-ac87-4596-beda-b692611daca3,False,Maze Hill,51.48301366443111,0.0032048968185599,3,SE10 9XG,South
e4632ec1-e33a-431d-b2a5-0da34a3832e1,False,Meridian Water,51.60831170899128,-0.050959906384394,4,N18 3HF,North
fadcc04f-24dd-4006-a5a2-3fa57a6179ff,False,Merton Park,51.41339128096901,-0.2013420288124167,"3,4,5,6",SW19 3HA,South
3e89983c-4640-4962-9569-286596907661,False,Mile End,51.5253109195645,-0.0326660842711517,2,E3 4DH,East
f9facc42-7018-498a-8111-eaec6380eb22,False,Mill Hill Broadway,51.6128707220669,-0.2495370648730302,4,NW7 2JU,North
2a2d9e4d-47cf-4919-aebd-703673a85d77,False,Mill Hill East,51.60831630368604,-0.2098957103144066,4,NW7 1BS,North
f3ef6dac-ee8e-4b22-a8a9-61beccce863d,False,Mitcham,51.39748833651944,-0.17087164547873,"3,4,5,6",CR4 4BD,South East
c606a117-d41b-4496-bbc1-93761bb30a86,False,Mitcham Eastfields,51.408383659999,-0.154001717426646,3,CR4 2ND,South East
2434032a-2a65-489c-bb1c-c24f111701f0,False,Mitcham Junction,51.39304231241258,-0.1574366422255893,4,CR4 4HN,South East
c5ed4730-14c1-4642-9e10-6cfbe543498b,False,Monument,51.51063027735101,-0.0861883132610571,1,EC4R 9AA,Central
22376582-8ca3-40dc-b9c0-a192e78e6ce0,False,Moor Park,51.62992995953362,-0.4329130164958966,"6,7",HA6 2JQ,North West
1c537313-6db3-4740-b1b0-f81383ba89fe,False,Moorgate,51.51843699583112,-0.0890176874196191,1,EC2M 6TX,Central
506b4bac-2ec1-43f5-8cae-ee9b2b332d74,False,Morden,51.40218564474951,-0.1948519795190437,4,SM4 5AZ,South
561c3c51-edd8-451a-8282-f932ade6f80c,False,Morden Road,51.408871575514766,-0.1928056750933962,"3,4,5,6",SW19 3BX,South
2b176099-3585-4347-96de-e8f7217149ec,False,Morden South,51.39630737175914,-0.2003015597212806,4,SM4 5AN,South
5106bb92-15f7-4a97-bff4-a34c67166620,False,Mornington Crescent,51.53436199274684,-0.1387443487247141,2,NW1 2JA,North
5a1f50b1-546e-4f20-b6b3-2c77bb42908d,False,Mortlake,51.46816750082646,-0.2672033097597616,3,SW14 8LN,South
c947b517-cbc3-4786-9c8b-55c0a3a5f9ef,False,Motspur Park,51.395319236610256,-0.2394397426413379,4,KT3 6JJ,South West
1a933629-dd77-4171-a9bd-027417c88034,False,Mottingham,51.43982506175577,0.0503242023297411,4,SE9 4EN,South
469bc9f5-58de-4909-b84c-f751d237b7d9,False,Mudchute,51.491236163479066,-0.0149599448810793,2,E14 9UW,East
8eae21c0-ed0f-4fe4-9364-7d295b9a1791,False,Neasden,51.55462731004116,-0.2501150416936122,3,NW10 1PH,North
c5945432-512a-40f2-81ac-1523d22a7baa,False,New Addington,51.34259048309321,-0.0173833270693507,"3,4,5,6",CR0 0DE,South East
cdebea72-6272-4a73-afc0-e5158a076232,False,New Barnet,51.64853648940239,-0.1729697122847567,5,EN5 1QT,East
e82fb628-c6ab-47b0-9741-2d21bd6e485c,False,New Beckenham,51.41670549342136,-0.0353049492508049,4,BR3 1QW,South East
a4ae0ade-a04b-43df-90b7-ebb66b5322ea,False,New Cross,51.47642936493697,-0.0322788114450521,2,SE14 6LD,South
3ee5cd25-46f2-4b25-9c05-2195a7b723b9,False,New Cross Gate,51.475264866034166,-0.0395290518483199,2,SE14 6AR,South
e67f249f-ee4e-4ff3-93c8-415f3f896b74,False,New Eltham,51.43769077832163,0.0704446186894692,4,SE9 2AB,South
0782ff96-d748-4e37-8d0c-58f2f1f9069e,False,New Malden,51.4035554892389,-0.2562181023415529,4,KT3 4PX,South West
03a81519-640e-4834-8220-3d3d00583c76,False,New Southgate,51.61409343513603,-0.1430097748581647,4,N11 1QH,North
b6e0c988-8bdf-4380-abb3-1c1dae8b5422,False,Newbury Park,51.57563850646377,0.0903031581978967,4,IG2 7RN,North East
083b6bbc-456d-4ad0-9bd3-2e9d28dbd71d,False,Nine Elms,51.48000104922924,-0.1285009828307203,1,SW8 2NA,South
af892eed-72a4-4145-9aed-594365a6f61b,False,Norbiton,51.41190888768759,-0.284199943193106,5,KT2 7AZ,South West
2886eb7a-a19b-4126-8549-53dba7f3406c,False,Norbury,51.41118830417269,-0.1227994009734732,3,SW16 3RW,South
fe54f4d5-c675-43d4-969a-4e9088f32fe7,False,North Acton,51.52343200460989,-0.2597295239222282,"2,3",W3 6UP,West
cca944e7-cca6-417b-a6dc-552744f5c290,False,North Dulwich,51.45448166721483,-0.0879186802737289,"2,3",SE21 7BX,South
9f77073d-13b3-4aac-a8f2-acf0c2c18b56,False,North Ealing,51.51762181807098,-0.2889935477531711,3,W5 3AF,West
acc56c69-d6f6-4344-839d-c686fec72ff1,False,North Greenwich,51.5002551610895,0.0035862591259508,"2,3",SE10 0PH,South
4d673bb0-a2a2-411e-ab38-d060f5b6254e,False,North Harrow,51.58463070784392,-0.3626329855990683,5,HA2 7SR,North West
6aab20d6-0e59-4ecd-b99a-e96df6e02810,False,North Sheen,51.46541914451982,-0.2863974619694099,3,TW9 4QA,South West
d54d67bb-9539-45f0-93e8-e92f069462a5,False,North Wembley,51.56239579644328,-0.3039482139132909,4,HA0 3NT,North West
61878675-ce83-4fd7-bfac-76342d15632b,False,Northfields,51.50049115689572,-0.3150648129885717,3,W13 9QU,West
f440bd3c-e97c-4b92-826d-0cdf45081c0a,False,Northolt,51.54821230018008,-0.3684405875976204,5,UB5 4AA,North West
80d35046-f9e8-4130-9df8-aa2ad7f2f316,False,Northolt Park,51.55761846530492,-0.3594341888531511,5,UB5 4XE,North West
92e71c37-4397-4741-9f90-5c49c5709be4,False,Northumberland Park,51.60201564713907,-0.054132025471732,3,N17 0HY,North
b886e7d5-7369-4e9a-90fc-97c0c881897a,False,Northwick Park,51.57850816965304,-0.3181993860133686,4,HA3 0AT,North West
b00d2e83-b351-4262-b1cc-a0afd25b20e1,False,Northwood,51.61121291958136,-0.4238377761958177,6,HA6 2XL,North West
727c636a-250b-4fd1-b86c-71e24d445338,False,Northwood Hills,51.60080197791432,-0.4093113480568928,6,HA6 1NZ,North West
493da376-af3a-4e81-bd12-0c8d8319cf04,False,Norwood Junction,51.39695420145057,-0.0752098562061818,4,SE25 5AG,South
871133b6-4992-42b0-afde-c2a37c42438c,False,Notting Hill Gate,51.50937501801177,-0.1959216162263908,"1,2",W11 3HT,West
d9b3d1c7-6bfd-4c4f-a723-c93a00275dee,False,Nunhead,51.46657989886173,-0.0536797424804539,2,SE15 3XE,South
be975cc6-f52e-421f-8941-be52ab44fecd,False,Oakleigh Park,51.63767609370897,-0.1661949649938359,4,EN5 1BU,East
722bb650-1066-4afd-a241-e7263388ffe4,False,Oakwood,51.64763774735996,-0.1318535388133937,5,N14 4UT,North
02e2c554-21f4-4da8-8c1c-9e76c3b83ff6,False,Ockendon,51.52199012375081,0.2904834800234525,7,RM15 6PD,North East
1cd39885-66f1-47e2-8948-eb468ad78c3f,False,Old Street,51.52558133074304,-0.0876229573873512,1,EC1V 9NR,Central
fce69ac2-1d6d-4d40-bb3a-0ce7f9f94e0b,False,Orpington,51.37352019592453,0.0890289019388343,6,BR6 0SX,South East
bfa12d6a-383f-43e3-8294-4a59526d0f2d,False,Osterley,51.48121623575927,-0.3520960888490031,4,TW7 4PU,South West
e7375045-767a-4b77-9f95-177e559a56d5,False,Oval,51.48141241737747,-0.1133210751213317,2,SE11 4PP,South
7d6570e0-c264-4105-a26e-7864393b92ed,False,Oxford Circus,51.51522317440166,-0.1408361701333405,1,W1C 2JS,West
8c48700f-ac44-48e1-a2dc-aea7d4991c6b,False,Paddington,51.51539350022652,-0.1757367502657722,1,W2 1RH,West
b7c661e4-f398-46e6-8d61-08ba9b216151,False,Palmers Green,51.61878657015084,-0.1102724993229847,4,N13 4PN,North
27648067-a585-4805-ab74-00aa074e7fd2,False,Park Royal,51.526833556086295,-0.2849289129671047,3,W5 3EL,West
c5d15056-0c1c-42b4-b056-8ee86c3567b5,False,Parsons Green,51.47495982565945,-0.2011244900122527,2,SW6 4HU,South
989c19af-5262-4129-b0c2-2beb9ac05c48,False,Peckham Rye,51.46951125269604,-0.0699835529061943,2,SE15 5DQ,South
3c92803b-3372-4e16-bf55-adc1093852fd,False,Penge East,51.41997526227589,-0.0544952646379757,4,SE20 7BQ,South
904a20e1-90e2-41a2-a948-b16431f92424,False,Penge West,51.41806283133318,-0.0606457643426384,4,SE20 8NU,South
758cb75e-e95c-47bb-a588-65c0ef1438de,False,Perivale,51.53634129467288,-0.3230704159011666,4,UB6 7NP,North West
975de10c-b4bc-4ef1-903a-f3abe8d4665a,False,Petts Wood,51.38859911569542,0.0744800301001627,5,BR5 1LZ,South East
a29dc7ea-f140-4f03-9755-7c709a066040,False,Phipps Bridge,51.403376431529686,-0.182296786948212,"3,4,5,6",CR4 3QN,South East
78974d23-26f1-44ca-a34b-526fb180e30b,False,Piccadilly Circus,51.50969653217059,-0.1337115961590762,1,W1J 9HS,West
0dc4c33c-a54e-4c36-9cc9-ece24b27bd1c,False,Pimlico,51.48955264664939,-0.1331082573913848,1,SW1V 2JA,South
04cec229-e607-4480-950f-ad32600256f5,False,Pinner,51.59236105660715,-0.3812237817376104,5,HA5 5LZ,North West
5c8087f3-9839-434b-821a-aa7768363031,False,Plaistow,51.53128836681778,0.0177806419969851,3,E13 0DY,East
b38a6659-569b-4bca-8a63-3ae9d630b35a,False,Plumstead,51.48979256526223,0.0842996169709163,4,SE18 7EA,South
2ec74c86-7a67-4710-99eb-fe75b3ff1af0,False,Ponders End,51.642730637439406,-0.0345251044598684,5,EN3 4LA,East
444b45a5-ce8d-4f9c-a972-944912a27390,False,Pontoon Dock,51.50221627291442,0.033325707548925,3,E16 2SB,East
8bb02ca7-6c03-4d01-a168-9d5573e114ee,False,Poplar,51.507588044837625,-0.0172754932925174,2,E14 0DS,East
309da86d-3773-4b62-8794-4e6af3fcd58b,False,Preston Road,51.57210324779927,-0.2949720074830668,4,HA3 0PS,North West
28de23d6-b488-4f7b-afd8-32fda9c04d8a,False,Prince Regent,51.50943460724026,0.0334885741146771,3,E16 3HE,East
b28c3042-81d3-436b-8540-9443c0f3dd94,False,Pudding Mill Lane,51.534327836050565,-0.0127685119445471,"2,3",E15 2PH,East
ea161e82-7368-4c29-98b8-760dd711bc44,False,Purfleet,51.48117339669361,0.2367748390971877,7,RM16 1PL,North East
7f26e901-2e97-4aec-a9c5-7506f16eb4a3,False,Purley,51.337363370371314,-0.1136135170910838,6,CR8 2AP,South East
98759458-d04c-4800-9779-bd152b615c36,False,Purley Oaks,51.34698918049688,-0.0988153325005631,6,CR2 0ND,South East
a32b85ec-0385-4203-8488-aa07a5cb1694,False,Putney,51.46095217815324,-0.2166033707924624,"2,3",SW15 1RT,South
4a9ad9f5-240c-4284-85fc-ce4edd6f2536,False,Putney Bridge,51.46786499705636,-0.2093654143019544,2,SW6 3UH,South
8d5cb0e1-9017-4295-a579-cb29939bd0dc,False,Queens Park,51.53431231776354,-0.2047981469506716,2,NW6 6HJ,North
07b40685-33b2-42fb-91f7-87f91c2235d2,False,Queens Road Peckham,51.47428461792391,-0.0573549786690293,2,SE15 2JR,South
fbc9e31e-6fbc-4666-9b9d-0ca5736ec604,False,Queensbury,51.59388250931327,-0.286331592620629,4,HA8 5NP,North West
02b00f73-e182-451f-88eb-ccf5c41ff1c2,False,Queenstown Road,51.47495888831451,-0.1473553108451531,2,SW8 3RX,South
7fbff5f6-999d-4dcc-8e78-ab4d32aeaf81,False,Queensway,51.51044892854765,-0.1874199010483689,1,W2 4SS,West
98fcc2b0-e6fb-4d17-b768-95dce7a97bd1,False,Rainham,51.517340830335705,0.1906919776381577,6,RM13 9YH,North East
87fc2e86-5c2d-4c58-9fd7-bac351ae8706,False,Ravensbourne,51.41387036990734,-0.0069378155298457,4,BR3 5HE,South East
ae6be160-892c-4f7b-9ec3-9d3a76156d83,False,Ravenscourt Park,51.494067596546,-0.2359692298601434,2,W6 0UG,West
6e587770-1545-484c-ae24-a5f83c248d62,False,Rayners Lane,51.57539612738852,-0.3710608057487111,5,HA5 5EG,North West
be6d34a8-c125-4f9c-8827-2a68fc174a22,False,Raynes Park,51.40937497118362,-0.2299129362746093,4,SW20 8NE,South
df4ac64d-37e7-4d85-ac7c-4f7b17ba418d,False,Reading,51.45878456681263,-0.9718776209963323,,RG1 1LZ,West
e3fdc4e4-8bce-4e2f-8282-edfd9691b041,False,Rectory Road,51.55876336735922,-0.0683856644542954,2,N16 7QB,North
d7ed6bc4-3df3-42d2-a7ef-3dde29e32f72,False,Redbridge,51.576366994360605,0.0453940440870773,4,IG4 5BG,North East
cc6fbaa3-5bca-4d07-9c6e-49bce18c6767,False,Reedham,51.33144151324279,-0.1234026235347217,6,CR8 2DG,South East
bcf37c7a-1764-4d4a-98f7-d08fd67f264b,False,Reeves Corner,51.375277028630975,-0.106379777578369,"3,4,5,6",CR0 1XP,South East
41580282-91fe-4174-b49b-27822bfc2e01,False,Regents Park,51.523810437772845,-0.1453444097205957,1,NW1 5HA,North
60ed55ed-ccd5-4556-86d0-d8568c5f06d6,False,Richmond,51.46323239395917,-0.3017391287049293,4,TW9 2AZ,South West
1de6f3bd-59ca-47c3-9e5b-e924837389ba,False,Rickmansworth,51.640322241933696,-0.4736845710128753,7,WD3 1QY,West
fa8c4d3e-c5ce-4024-9430-1c82e6969300,False,Riddlesdown,51.332674670332864,-0.0994936669081528,6,CR8 1HN,South East
5b70307b-b53d-454d-bc99-29a4438b5a46,False,Roding Valley,51.61695652081232,0.0440262071266384,4,IG9 6LN,North East
1c2cae6f-ef09-420a-adaf-da55e3ee3775,False,Romford,51.57464189428389,0.1830552742758095,6,RM1 1SX,North East
28bd21f4-5a9c-42e5-8103-04e9769f7709,False,Rotherhithe,51.50159442070272,-0.0529662962549398,2,SE16 4LF,South
17fab64d-fb2c-450f-bd06-c3a79ceb4ac5,False,Royal Albert,51.50849394631005,0.0451771451896413,3,E16 2QD,East
baa5f1e8-3397-4f29-9aee-1287185e19ca,False,Royal Oak,51.5182940459234,-0.1888236715468541,2,W2 6ET,West
72e911ad-056a-4f1e-8a55-e7b80b8aedcd,False,Royal Victoria,51.50905526715448,0.0179654125889858,3,E16 1DE,East
faf247de-116e-44b4-b7da-facffc670953,False,Ruislip,51.572161233876166,-0.4212349155921323,6,HA4 8LD,North West
67590ae3-fff0-4711-a017-6ed83e76ab96,False,Ruislip Gardens,51.55995951052218,-0.4092941013740339,5,HA4 6LG,North West
3bff9fcc-2502-4714-977c-866799ccf9be,False,Ruislip Manor,51.57345090114912,-0.4128493444318482,6,HA4 9AA,North West
8b4136af-eff2-44e4-acbb-84633c015060,False,Russell Square,51.523012836646224,-0.1245901968726192,1,WC1N 1LG,Central
6268850a-5176-4ed1-b653-b5f68ea21792,False,Sanderstead,51.34824610257355,-0.0937084995489339,6,CR2 0PL,South East
77a3976a-55fd-401c-a7a2-f7b7b6452c46,False,Sandilands,51.37502214682385,-0.0780265894240146,"3,4,5,6",CR0 5PN,South East
b923003b-b2fc-47fb-b34a-c4a68a066328,False,Selhurst,51.39218562513637,-0.0898990366231026,4,SE25 6LL,South
80128c4b-56ec-4fd4-a131-5d3159d9ef75,False,Seven Kings,51.56399351215581,0.0963195752913868,4,IG3 8RE,North East
f1861256-e462-4a66-aab5-0ec43ef0c369,False,Seven Sisters,51.58336204399537,-0.072466822518891,3,N15 5LA,North
65c1e89e-a4df-4c9a-9381-60bc5cca41c9,False,Shadwell,51.511300064669385,-0.0569192069418581,2,E1 2QE,East
b9c34537-7aad-4529-8a14-19a7a05deaf5,False,Shenfield,51.63087363989239,0.3299522707653062,7,CM15 8JD,North East
b4cdcc27-6a6e-4a55-960f-ae01b2628260,False,Shepherds Bush,51.504531795613886,-0.2185191566688487,2,W12 8LH,West
88f17742-208e-4759-9444-3f128e5a07cd,False,Shepherds Bush Market,51.50588033819017,-0.2274004904102091,2,W12 7JD,West
08d27125-da1f-4d06-bdc3-ee4604a498d0,False,Shoreditch High Street,51.52346669534308,-0.0770874243313969,1,E1 6AW,East
2a2852f4-cebe-4d38-95ca-5726ed9aa016,False,Shortlands,51.40560237398424,0.0027675443897766,4,BR2 0JA,South East
fd863ef0-45f1-442b-afbb-7c5f8e3f108f,False,Sidcup,51.43439862959479,0.1033153597194543,5,DA15 7AW,South East
3202872b-cd31-4744-83c9-85c73448605b,False,Silver Street,51.61524236180803,-0.0725897412586619,4,N18 1QX,North
3254cefe-aba5-4cbf-aa95-97622dc08254,False,Slade Green,51.46774797004993,0.1905183896971591,6,DA8 2NX,South East
cf24a53c-522c-400d-8b04-2100a656c8be,False,Sloane Square,51.49235951048056,-0.1564888560570236,1,SW1W 8BB,South
82b94b19-5589-4cde-a638-b54619962b06,False,Slough,51.51187888370566,-0.5915248252758044,,SL1 1XW,South
89dfa2ed-04d9-4526-88ae-4c9a37180ada,False,Snaresbrook,51.58089131157066,0.021463927810755,4,E11 1QE,East
ddaf8802-594c-4ec3-b274-f3a07e258048,False,South Acton,51.49968538827372,-0.2702152032662244,3,W3 0DS,West
2cd82c2c-4c51-4bef-9dca-7d205aadf6ce,False,South Bermondsey,51.48767652828431,-0.0547548210670722,2,SE16 2PL,South
5306012a-8182-4c23-8e50-9a4cd8bef64e,False,South Croydon,51.36275004887511,-0.0925173627941773,5,CR2 7PA,South East
212a2352-3c2f-40ef-bd19-b7b94f9ab972,False,South Ealing,51.50164352033085,-0.3070402394612233,3,W5 4QB,West
8fe47739-fcc4-472d-b3ed-fe04c5de64a0,False,South Greenford,51.53402700823884,-0.3367374754035006,4,UB6 2WE,North West
6e45af15-f6fc-4d9f-8f7f-416e61d5ecf4,False,South Hampstead,51.54147655809487,-0.1783711981146253,2,NW8 0DJ,North
8dc475d5-1c97-4dd7-b480-52c589fc9f6a,False,South Harrow,51.56467959482167,-0.351893963731605,5,HA2 8HN,North West
af74279e-7098-4d05-b94b-96265be5321c,False,South Kensington,51.49407108325524,-0.1739230213376395,1,SW7 2NB,South
32a18134-d18a-44a3-9f79-d769e22e76e0,False,South Kenton,51.57104394755128,-0.3081429717620929,4,HA9 8QT,North West
01aa1578-7223-40c1-abf2-6797422ae979,False,South Merton,51.40324022078124,-0.2055502988870153,4,SW20 9JT,South
1f71a1d8-ab17-4ade-9350-1428ba561b66,False,South Quay,51.50086357890648,-0.0184606926650221,2,E14 9SH,East
bccec967-0aaf-47d0-9316-358fe9f7c2f6,False,South Ruislip,51.55688965147795,-0.3991159010068219,5,HA4 6TP,North West
8e110425-7923-41e5-9744-47ec699c82b5,False,South Tottenham,51.580402471228126,-0.0718559563059047,3,N15 6ND,North
9da961bc-fe7c-4c83-8c1a-e2404038d98b,False,South Wimbledon,51.41536039779992,-0.1919745440990572,"3,4",SW19 1DE,South
0d7ece95-12ba-4d80-9c98-db7057406646,False,South Woodford,51.59155266475493,0.0279430783744094,4,E18 1JJ,East
0e292471-9300-4eae-873b-7e673bca6ddf,False,Southall,51.50595629378949,-0.3787111814415624,4,UB2 4AA,North West
5284c558-66a6-45b7-a7e5-1f079941604d,False,Southbury,51.64843364130007,-0.0529833104002623,5,EN3 4HW,East
bb033de5-efb0-425b-b6f0-52c8f8162cc1,False,Southfields,51.44488297741004,-0.2066093830909312,3,SW18 5RJ,South
84599840-1628-462a-b945-201170d347c1,False,Southgate,51.63237564173069,-0.1277700463078405,4,N14 5BH,North
60db6fb9-5880-4dc1-af13-316d2d1a6a17,False,Southwark,51.50385344972166,-0.1057949389250921,1,SE1 8NW,South
71cc5e69-ad7c-43a3-a736-b88a664da3a1,False,St Helier,51.38991183992137,-0.1990145896550902,4,SM4 6SF,South
07cade1d-74ce-444c-8932-729abf0fcc54,False,St James Street,51.580608613025774,-0.0328045616794668,3,E17 7PJ,East
59194964-55a6-4f8c-8433-008171d5bb19,False,St Johns,51.46897525930413,-0.0232406618061414,2,SE8 4EW,South
ff5599ee-8cbb-4538-b976-0578286583f4,False,St Margarets,51.4552054673299,-0.3213242418672531,4,TW1 2LH,South West
d317c86a-ef69-4789-8730-407aaad79022,False,St Mary Cray,51.39475958639216,0.1072179002382898,6,BR5 3SN,South East
9e6ac1e8-b05d-4fd5-a4a3-ba878a4697f3,False,St Pancras,51.5305541987497,-0.1255057810597824,1,NW1 2QP,North
3ffb7388-dab2-40d7-b556-b18be51bfd2c,False,St. James Park,51.49960957772611,-0.1338787543411247,1,SW1H 0BD,South
13a5cf9f-5f50-46ad-b251-10c6c4dc3294,False,St. Johns Wood,51.53485412839329,-0.1740648386620702,2,NW8 6DN,North
75ce5eca-98a5-4f36-becb-ff8510450dee,False,St. Pauls,51.51483513873988,-0.0975710001169853,1,EC2V 6AA,Central
6e61c514-215d-48d5-b79a-a8f61ca4996f,False,Stamford Brook,51.49444956856966,-0.245246306027922,2,W6 0SB,West
224c69d4-7fb0-454a-b43d-72e927f0b9f6,False,Stamford Hill,51.57444748083396,-0.0766683415728566,3,N16 5AG,North
4aeb0e68-a310-40ab-b76b-079f24aaad6e,False,Stanmore,51.619672950483576,-0.3030992875952985,5,HA7 4PD,North West
b7ca9f92-6e8f-4bcb-bb44-aa815bd2583b,False,Star Lane,51.52060426064486,0.0041910026282406,3,E16 4SR,East
1016c083-b4f5-46c7-8f4b-ccde697fe273,False,Stepney Green,51.521995758615454,-0.047382523194855,2,E1 4AQ,East
a51a1c60-1fa3-4f11-abe6-142ab250dd1a,False,Stockwell,51.47215905711563,-0.122846303356526,2,SW9 9AE,South
ade0de5f-3956-463f-912f-bdb63b5174a5,False,Stoke Newington,51.56463749414495,-0.0723353943786902,2,N16 6YA,North
f276d4ff-0bf1-48af-9ed0-5219733f67c8,False,Stonebridge Park,51.54398610565641,-0.2754004371046793,3,NW10 0RW,North
98f23184-7d11-478b-aab1-f34cf013ddee,False,Stoneleigh,51.36336364699788,-0.2487096534733916,5,KT17 2JA,South West
ab586c26-a254-4028-8ac3-5832e1be45e1,False,Stratford,51.54169257587399,-0.0037516410271907,3,E15 1AZ,East
daa34e82-d791-4951-9210-9808f4a9344d,False,Stratford High Street,51.5381489524464,-0.0010803560037945,3,E15 3PA,East
15562a52-f5ad-4bac-b97c-a2ed9fbfcd7d,False,Stratford International,51.5448085230875,-0.0087784340129179,3,E15 2LZ,East
20330815-8d65-4d6c-9d6f-4a6b4e894752,False,Strawberry Hill,51.439747278051925,-0.3396177243860488,5,TW1 4PP,South West
8a3533c1-bdcb-4e00-aacb-05eaee15bd3d,False,Streatham,51.42584564837743,-0.1323254957361467,3,SW16 6HP,South
caddef42-839d-439d-ac00-b1372bdf3246,False,Streatham Common,51.41898445090681,-0.135726164035307,3,SW16 5NT,South
131c5195-b791-4ad0-a539-58b18cce7af5,False,Streatham Hill,51.43846015875234,-0.1276814805405161,3,SW2 4PA,South
059863a6-4654-4d61-abfd-8c711c0264a1,False,Sudbury and Harrow Road,51.5544932686619,-0.3159262359372488,4,HA0 2HA,North West
ed4fca4d-1b71-470e-9ec8-7352b5d8b9a0,False,Sudbury Hill,51.55733901102981,-0.3363921085382283,4,HA1 3RA,North West
37d6a0fb-925d-4d33-93cd-5a6ac660963f,False,Sudbury Hill Harrow,51.55834172569072,-0.3354466865621598,4,HA1 3RJ,North West
05165485-31f1-4bd5-827a-b4f5722d3b06,False,Sudbury Town,51.55139692710825,-0.3163434799075774,4,HA0 2LA,North West
e6cea038-401a-4f41-b906-ef8ba4455268,False,Sundridge Park,51.41339383527048,0.0203651090291948,4,BR1 3TR,South East
213420ef-c636-495e-87b0-964a1f33b5ec,False,Surbiton,51.3925990366125,-0.3043845544349404,6,KT6 4PE,South West
c300191a-b7ff-4448-8ec4-6437bdacb405,False,Surrey Quays,51.49326678162275,-0.0475299875263056,2,SE16 2UE,South
b5c0bd35-af2f-43be-9ac2-44ab42bef52d,False,Sutton,51.35950582407127,-0.1913020090449853,5,SM1 1JA,South
ff33ec0c-cff6-468d-b097-8ebd88c53058,False,Sutton Common,51.375554374568246,-0.1969199101341748,4,SM1 3HY,South
3996bc88-3dda-46a6-9a01-b9b179cda912,False,Swiss Cottage,51.5430345616616,-0.1756266026411379,2,NW3 6HY,North
bd0902cf-0609-483a-969b-d85d5b970a81,False,Sydenham,51.42734116410619,-0.0550886707642229,3,SE26 5EU,South
0bb7534f-4191-4d4a-9ab5-609825c6db9d,False,Sydenham Hill,51.43257575863559,-0.080230207509067,3,SE21 7HW,South
c7ad4e7a-bab2-4151-9111-34e8dd692128,False,Syon Lane,51.48147415540557,-0.3264950283664848,4,TW7 5NT,South West
272d2824-79d5-4aee-a985-6c810be40f0f,False,Tadworth,51.29162747942275,-0.2360080126476625,6,KT20 5SP,South West
f7073d3b-7918-44b8-b3d8-8fe25f3f9f1a,False,Taplow,51.52356084157688,-0.6813848514102004,,SL6 0NU,South
9698944b-e82c-495c-be85-047c2bff74c2,False,Tattenham Corner,51.3091809150244,-0.242566269387599,6,KT18 5PR,South West
868712fb-87af-4f29-b95c-709248aa0b0d,False,Teddington,51.42449695426807,-0.3327053305694848,6,TW11 9AA,South West
a9dd3bb6-f448-4315-b4b9-be59803228f3,False,Temple,51.51104042360467,-0.1137257495312543,1,WC2R 2PH,Central
45c79a08-f812-41b3-9457-5203056d81bd,False,Thames Ditton,51.38861551994616,-0.3382928309661525,6,KT7 0PA,South West
a7aedbe9-d4d0-48b9-bf01-3d63b622370a,False,Theobalds Grove,51.69237253480553,-0.0347481343438092,7,EN8 7BG,East
f42ddd63-a654-4732-8d21-cd360f03fee5,False,Therapia Lane,51.38568558183928,-0.1290171058922472,"3,4,5,6",CR0 3DD,South East
093045da-26c2-426c-8d4d-14d30b9e002f,False,Theydon Bois,51.67255225418,0.1028907368816818,6,CM16 7EU,North East
b9149c85-a6f1-4cc6-9696-31bf17fc979f,False,Thornton Heath,51.398480916027154,-0.1004331645358095,4,CR7 8RX,South East
341f142e-c7ab-49ec-899b-f3bbf1245045,False,Tolworth,51.3768428600788,-0.2796201104421398,5,KT5 9NU,South West
4905cf31-d543-4766-bb58-374ded7be23d,False,Tooting,51.41989637122428,-0.1610024706251911,3,SW17 9JR,South
1b4bec99-21cb-470b-b7a1-905862ea504c,False,Tooting Bec,51.43583780495548,-0.1597004908317375,3,SW17 9AH,South
e8c5dd18-8eb6-44ab-9d0e-ba3856f1a185,False,Tooting Broadway,51.42704887092591,-0.1686845257776603,3,SW17 0SU,South
a2fa95a7-428a-414b-a249-9e8d4a8aa9bd,False,Tottenham Court Road,51.516210657936185,-0.1311104379402324,1,W1D 2DA,West
7f1affc2-40c4-481f-8e8a-61bf77c8e4c3,False,Tottenham Hale,51.58799768229062,-0.0601878224855683,3,N17 9LR,North
03d3956e-7903-4350-988f-d20a3b0abd75,False,Totteridge and Whetstone,51.63024642876388,-0.1793542612333949,4,N20 9QP,North
43b81dfd-68c0-440d-88f7-99847590bee5,False,Tower Gateway,51.51039252305748,-0.0744098769115334,1,EC3N 1JL,Central
343f4043-6347-442f-98da-81f575c30b12,False,Tower Hill,51.51039415022928,-0.0767011981209769,1,EC3N 4DJ,Central
bb724faf-b6d7-49b4-b32f-6536af2ee081,False,Tufnell Park,51.55644057500823,-0.1377421740527929,2,N19 5QB,North
d69cc061-de48-4b8a-8e96-3e99b1dc4f2f,False,Tulse Hill,51.4397972578558,-0.105122508458826,3,SE27 9BW,South
e7515aff-8ee9-4ef9-bebb-5941db6c5d8a,False,Turkey Street,51.67265358634988,-0.0472299312310293,6,EN3 5TT,East
63fe8f72-ec1d-4f42-a22d-8039c4b8a107,False,Turnham Green,51.49518152685563,-0.2545245642842539,2,W4 1LR,West
03078fb9-1fde-46aa-8d6f-8d59eb4a0086,False,Turnpike Lane,51.59035796825513,-0.1028050405776601,3,N15 3NX,North
b020122a-0193-424a-b0da-df902b668040,False,Twickenham,51.450250410920496,-0.3288602200739823,5,TW1 1BD,South West
fadfc0f4-b1ba-4c89-affe-878eb91197ba,False,Twyford,51.47553252815794,-0.8633069929836112,,RG10 9NA,West
1ef3cae7-8fea-452b-9533-ae5ff4de07a8,False,Upminster,51.55876377100152,0.2514008048009922,6,RM14 2TD,North East
069b1fa3-0bfa-4873-9ba9-e839faff77bf,False,Upminster Bridge,51.55771918780094,0.2345418919290422,6,RM12 6PL,North East
2c07aebf-15ef-411e-9713-8a50867db17f,False,Upney,51.53840581666546,0.1015317446641368,4,IG11 9LS,North East
c70420c9-f270-451f-9d3c-aebc2a2ffb7b,False,Upper Holloway,51.56362309586845,-0.1291093626941063,2,N19 4DJ,North
f0af36cd-01bf-4223-ad84-6bba4e7a95de,False,Upper Warlingham,51.30877213015346,-0.0774816615679463,6,CR3 0EP,South East
0f5041f1-5f2f-4346-b412-49ae894aab0d,False,Upton Park,51.536628259878114,0.0345418397236073,3,E13 9AP,East
041f183c-5189-4442-8aab-0f1a1aa57609,False,Uxbridge,51.54645372786724,-0.4771015464209747,6,UB8 1JZ,North West
2563cba3-2918-4bb7-a4f5-2795994c1e7d,False,Vauxhall,51.48573560145266,-0.1238299519704192,"1,2",SW8 1SR,South
0909161b-f510-4deb-899d-bfaedeaabe57,False,Victoria,51.49642371956767,-0.1439207051263039,1,SW1E 5JX,South
e9dd161a-0f96-4ec2-a61d-ee823fbd9bde,False,Waddon,51.36737906715266,-0.1173940758129578,5,CR0 4NA,South East
e5287943-55b1-44b3-ae7d-6c36e2ce5fe3,False,Waddon Marsh,51.37708276115934,-0.1179874641480643,"3,4,5,6",CR0 4XT,South East
63a4cd32-c9aa-4408-9c15-67132076eb0c,False,Wallington,51.36033129956505,-0.1508638338049202,5,SM6 0DZ,South
a34181e5-e3a0-46c2-bd34-a76d3a5f382f,False,Waltham Cross,51.68525721552798,-0.0265642572096443,7,EN8 7LU,East
4cb5aabd-df77-44d4-9f6a-e0452b6f00fa,False,Walthamstow Central,51.58301808337606,-0.0199405450055509,3,E17 7LP,East
00dd636a-ffa6-4502-a416-3dd01709579e,False,Walthamstow Queens Road,51.58154615511213,-0.0238439433008898,3,E17 7QZ,East
c7f5f0fe-efd1-463a-924f-f36357b28498,False,Wandle Park,51.37340053262759,-0.1132533204383674,"3,4,5,6",CR0 4JS,South East
50dd29fb-9e61-46e2-b670-7d27542586f4,False,Wandsworth Common,51.44636533894144,-0.1635369794154477,3,SW12 8NL,South
4339dd98-9059-4bd2-9a34-9daa29efb9d8,False,Wandsworth Road,51.47022297701061,-0.1390376746285153,2,SW8 4PA,South
116cc0d1-ac61-48d7-947d-c820af0aaa97,False,Wandsworth Town,51.46103377041173,-0.1879100356809231,2,SW18 1SU,South
e529ff0a-b303-44c2-a41d-a7b8950221fd,False,Wanstead,51.57490219957087,0.028760472436225,4,E11 2NT,East
73f72ec2-eb45-4149-a556-663fed205b4b,False,Wanstead Park,51.5517781243521,0.0263899430517846,3,E7 0HU,East
10ff0f00-2b51-4f14-ad3e-09939c8cf71e,False,Wapping,51.50434022750495,-0.0558608143552396,2,E1W 3PA,East
f4d27178-bfea-4c98-ae50-460eee905a80,False,Warren Street,51.524579764761874,-0.1382783305384803,1,NW1 3AA,North
4b879c91-afea-4ffc-9cc1-dd98c0c36325,False,Warwick Avenue,51.52310413807906,-0.1829532911134564,2,W9 2PT,West
ebf71968-a0a8-48a5-b003-63b1b53f9375,False,Waterloo,51.50314645678346,-0.1132592512581959,1,SE1 7NY,South
54f3eb8b-4c46-42d1-9b5f-4778650cae45,False,Waterloo East,51.50416843357953,-0.1091536368939238,1,SE1 8NH,South
b8487542-99fb-4638-9be7-e5a5a5667cfb,False,Watford,51.6576044159566,-0.4172699967299536,7,WD18 7LE,West
056563a6-2178-475c-99a4-1fea3ad9608a,False,Watford High Street,51.65265306624417,-0.3916967203779469,8,WD17 2EG,West
cae72118-0b7e-45f6-9952-0c5fecafb237,False,Watford Junction,51.66388236768592,-0.3961719480238082,,WD17 1ET,West
c58b3624-c098-4e0c-a074-fe5cb7cba201,False,Wellesley Road,51.375367381230255,-0.0975249080867142,"3,4,5,6",CR0 2DD,South East
a383798b-66c9-4fec-9b51-4e68a83a2c90,False,Welling,51.46477725765799,0.1017750390892063,4,DA16 3AT,South East
1d41e3b3-2f82-4919-97c2-0e63c32d4ab2,False,Wembley Central,51.55186429753856,-0.2963923219160409,4,HA9 6AG,North West
1c5a97c5-b504-40bb-9152-13dae35d3eb9,False,Wembley Park,51.56332200349157,-0.2792425481111569,4,HA9 9AA,North West
a0659363-8532-4db9-a334-5dc2fba1bd1b,False,Wembley Stadium,51.554654104755,-0.2860464419726446,4,HA9 8BQ,North West
c651ac24-0576-4152-b154-10abe016b747,False,West Acton,51.51776969314101,-0.2806571709044868,3,W3 6UP,West
ec2b2389-4948-409b-9b9e-875a325e7993,False,West Brompton,51.48732859696135,-0.1955388096704278,2,SW5 9JX,South
4d67f6fb-f139-4e15-894f-eb1bb6459110,False,West Croydon,51.378552009432326,-0.1020342923026373,5,CR0 2TA,South East
2e6f1731-347d-48bf-8342-1c042fbbb687,False,West Drayton,51.51007044763266,-0.4721760838505147,6,UB7 9DY,North West
612b189e-d768-4d95-9b65-abf70a8a273b,False,West Dulwich,51.44091167531192,-0.090672675919859,3,SE21 8HN,South
a015d29c-35c2-4b40-82e7-60e4be46b5d4,False,West Ealing,51.51362468397237,-0.3197829486921899,3,W13 0NQ,West
96fc04a3-a14e-49cf-9a8d-aa6a2c8545fd,False,West Finchley,51.60926242118551,-0.1889171074792101,4,N3 1NT,North
6b10846b-929c-41a6-b0aa-d2c0a9481dce,False,West Ham,51.528525530726974,0.0053173938327879,3,E15 3BN,East
7b246a00-e66f-44f8-af83-0408046708a2,False,West Hampstead,51.54747402267271,-0.1911265834430952,2,NW6 2LX,North
6af9f964-8a12-4075-b8c9-cce8a9970355,False,West Hampstead Thameslink,51.548628809928914,-0.1925375175501863,2,NW6 1XJ,North
6937748b-cf8d-48cd-8708-9074d55b5d2b,False,West Harrow,51.578923661261655,-0.3538466898684307,5,HA1 4HE,North West
304d4163-36ed-460b-ab8a-527725e92d15,False,West India Quay,51.50676262660098,-0.0205824471280816,2,E14 4ED,East
e4720990-c466-4b08-9423-bab0bea7a617,False,West Kensington,51.490109027210565,-0.2062036922180267,2,W14 9NL,West
f4d92350-ab7f-4aa5-9ca1-ed170d43f55d,False,West Norwood,51.43124094913318,-0.1031891342990401,3,SE27 0HS,South
6ee92346-b985-4440-bc22-5cc7da4b9afc,False,West Ruislip,51.56958715703546,-0.4378601343740381,6,HA4 7WD,North West
2b7ca853-16b6-478e-b656-11f449eaf4df,False,West Silvertown,51.50288447390751,0.0222460466810224,3,E16 2AT,East
9082b855-af4b-4b06-9dc9-3bf3020018e2,False,West Sutton,51.36614980218212,-0.2046445460282834,5,SM1 2EH,South
87bbc2e2-8b93-408d-ba9f-6886ecafa796,False,West Wickham,51.38128418000954,-0.0145763304109627,5,BR4 0PY,South East
de3a28c7-96da-4bf4-b97e-123f5d29e879,False,Westbourne Park,51.520988514909256,-0.2008825128147461,2,W11 1AB,West
ede5ad70-2009-4ee5-8070-60ea6405d3a3,False,Westcombe Park,51.48450892773305,0.0177457002630554,3,SE3 7EQ,South
36d0e3a3-d2bf-4081-a486-5e8bf82f4ab7,False,Westferry,51.50963810743974,-0.0263231371017838,2,E14 8AD,East
40233389-7038-4ceb-bda5-fe047f140b32,False,Westminster,51.501401389193255,-0.1250020783467796,1,SW1A 2JR,South
152821e0-fd1d-43ea-b9d7-2767e0a3fbe2,False,White City,51.51223207227981,-0.2246319285152728,2,W12 7RH,West
721bb2e0-b62c-4ae0-92af-d12c9383ff2a,False,White Hart Lane,51.60503465751185,-0.0708703265356369,3,N17 7RP,North
761090eb-0022-49e7-956d-19d4b449a120,False,Whitechapel,51.5195876908872,-0.0594204849881092,2,E1 1BY,East
7648acb4-44df-4359-9875-7e0544de7c8e,False,Whitton,51.44958760708497,-0.35768205341595,5,TW2 7LG,South West
513f4313-eeea-4b25-a9b9-2a8edb8c2b8f,False,Whyteleafe,51.30992918784988,-0.0811351650050057,6,CR3 0AD,South East
b94168a8-6ee7-4c63-8814-87b47e64e095,False,Whyteleafe South,51.30348968019657,-0.0767125144057694,6,CR3 0BD,South East
d47c2f44-ccda-4527-8c91-afd2196854ec,False,Willesden Green,51.54937292482699,-0.2224076012496468,"2,3",NW2 4QT,North
c82daf98-0afa-4af5-8615-7c6d4110f225,False,Willesden Junction,51.53223356661704,-0.243909139837678,3,NW10 4RA,North
e3aee1b9-3e42-4d9d-ba30-61dca3ac1cf1,False,Wimbledon,51.4211075087935,-0.2066628334400531,3,SW19 1PS,South
d418a4ae-5b74-49be-afa5-9ab024e33a98,False,Wimbledon Chase,51.40953058388224,-0.2140897670841804,3,SW20 8DB,South
ea13c227-60ae-4d72-a2b9-1e146c75760d,False,Wimbledon Park,51.4345806287444,-0.1991862729730618,3,SW19 7DZ,South
055dcea4-ce6d-489b-aa12-aab0e32a37f4,False,Winchmore Hill,51.63388669665079,-0.1009169327297483,4,N21 3NG,North
a7966c10-9f53-4425-ad48-f0083052de41,False,Wood Green,51.59745355165763,-0.1095265887761309,3,N22 8HH,North
c21b343b-76de-4c72-832a-039efc6f31fe,False,Wood Lane,51.5096578296917,-0.2244726057099385,2,W12 7DS,West
cf3f6f99-3fcb-41c9-a73d-cbe05a277817,False,Wood Street,51.586669943466376,-0.0019538980131841,4,E17 3NZ,East
7fbbdffe-72a9-4b0b-be33-d7f895718a15,False,Woodford,51.60720190279034,0.0340562024166259,4,IG8 7QE,North East
97dee775-8704-4544-bfc3-80aeed3ec9ae,False,Woodgrange Park,51.54905261091028,0.044572496226799,"3,4",E7 8AA,East
22340de3-33ff-4c08-87f7-d45e8f3b2c92,False,Woodmansterne,51.3190183289485,-0.1542621271620325,6,CR5 3HS,South East
73b28cc0-8f66-4840-879d-4928ad9d9833,False,Woodside,51.38709757861517,-0.0653471778556766,"3,4,5,6",SE25 5DP,South
68cffadd-b57d-46db-9b95-2464fb318eba,False,Woodside Park,51.61786809900362,-0.1854255027302192,4,N12 8SE,North
c4a8640f-efe7-4367-bb67-f8f56e284007,False,Woolwich,51.4915784950453,0.0718193785262893,4,SE18 6EU,South
481551ef-05e7-4e0b-b182-3062c2f27be2,False,Woolwich Arsenal,51.48990723258589,0.0691939066943665,4,SE18 6HX,South
4e4caedf-f89f-4b56-9804-191328113325,False,Woolwich Dockyard,51.49110788693792,0.054612348493409,3,SE18 5JY,South
8f42081e-b138-413e-b05d-0406906f5ab5,False,Worcester Park,51.381104087182855,-0.2455752883081527,4,KT4 7ND,South West
